hovered,lowered,lowered_actual_tcp,lowered_target_tcp
"0.0000, 0.0967, 0.0838, 0.4146, 0.4512, 0.0752, 0.4168, 0.0000, 0.0000, 0.4705, 0.3588, 0.1096, 0.0924, 0.1332, 0.1762, 0.0000, 0.0000, 0.0000, 0.0902, 0.4576, 0.4318, 0.0666, 0.7455, 0.4404, 0.0000, 0.0000, 0.4791, 0.1633, 0.2213, 0.2857, 0.1762, 0.0988, 0.2234, 0.0000, 0.0000, 0.7219, 0.7068, 0.1482, 0.7391, 0.6939, 0.1525, 0.0000, 0.0000, 0.1289, 0.1117, 0.2127, 0.3395, 0.1418, 0.2148, 0.2986, 0.0000, 0.0000, 0.4555, 0.1096, 0.4920, 0.6617, 0.2965, 0.5371, 0.0000, 0.0000, 0.3266, 0.3910, 0.1568, 0.0924, 0.1934, 0.0881, 0.0988, 0.0000, 0.0000, 0.0795, 0.7391, 0.6896, 0.1719, 0.7283, 0.6703, 0.0000, 0.0000, 0.3566, 0.2535, 0.1633, 0.1805, 0.1053, 0.0945, 0.3889, 0.0000, 0.0000, 0.4834, 0.4855, 0.1418, 0.4748, 0.5049, 0.1182, 0.0000, 0.0000, 0.1719, 0.0602, 0.1182, 0.0623, 0.0559, 0.2986, 0.3523, 0.0000, 0.0000, 0.3309, 0.0730, 0.3180, 0.3266, 0.0602, 0.0473, 0.0000, 0.0000, 0.0537, 0.1762, 0.0902, 0.0967, 0.7326, 0.7047, 0.1461, 0.0000, 0.0000, 0.1375, 0.7391, 0.6918, 0.1568, 0.1246, 0.2084, 0.0000, 0.0000, 0.0000, 0.0945, 0.0795, 0.4189, 0.4447, 0.0795, 0.4125, 0.0000, 0.0000, 0.4619, 0.3609, 0.1117, 0.0924, 0.1332, 0.1762, 0.0000, 0.0000, 0.0000, 0.0902, 0.4533, 0.4297, 0.0666, 0.7455, 0.4383, 0.0000, 0.0000, 0.4705, 0.1611, 0.2213, 0.2857, 0.1740, 0.0988, 0.2256, 0.0000, 0.0000, 0.7305, 0.7025, 0.1482, 0.7369, 0.6982, 0.1482, 0.0000, 0.0000, 0.1289, 0.1139, 0.2191, 0.3416, 0.1504, 0.2170, 0.3008, 0.0000, 0.0000, 0.4598, 0.1117, 0.4963, 0.6682, 0.3008, 0.5521, 0.0000, 0.0000, 0.3266, 0.3953, 0.1590, 0.0924, 0.1955, 0.0881, 0.0988, 0.0000, 0.0000, 0.0795, 0.7369, 0.7004, 0.1697, 0.7305, 0.6811, 0.0000, 0.0000, 0.3738, 0.2621, 0.1676, 0.1869, 0.1074, 0.0945, 0.3867, 0.0000, 0.0000, 0.4834, 0.4963, 0.1439, 0.4791, 0.5092, 0.1225, 0.0000, 0.0000, 0.1740, 0.0602, 0.1182, 0.0602, 0.0537, 0.3072, 0.3588, 0.0000, 0.0000, 0.3416, 0.0816, 0.3201, 0.3330, 0.0602, 0.0473, 0.0000, 0.0000, 0.0559, 0.1783, 0.0902, 0.0945, 0.7326, 0.7090, 0.1525, 0.0000, 0.0000, 0.1396, 0.7369, 0.6896, 0.1590, 0.1246, 0.2105, 0.0000, 0.0000,","0.0000, 0.1010, 0.0838, 0.4404, 0.4146, 0.0945, 0.4039, 0.0000, 0.0000, 0.4512, 0.3781, 0.1096, 0.0902, 0.1332, 0.1783, 0.0000, 0.0000, 0.0000, 0.0902, 0.6123, 0.6059, 0.0666, 0.6295, 0.4168, 0.0000, 0.0000, 0.4898, 0.1633, 0.2234, 0.2814, 0.1783, 0.0988, 0.2256, 0.0000, 0.0000, 0.7348, 0.6961, 0.1719, 0.7305, 0.7090, 0.1482, 0.0000, 0.0000, 0.1268, 0.1096, 0.2213, 0.3523, 0.1482, 0.2170, 0.2986, 0.0000, 0.0000, 0.5135, 0.1203, 0.4727, 0.6682, 0.2965, 0.5350, 0.0000, 0.0000, 0.3266, 0.3910, 0.1611, 0.0902, 0.2041, 0.0881, 0.0945, 0.0000, 0.0000, 0.0838, 0.7348, 0.7047, 0.1633, 0.7326, 0.6768, 0.0000, 0.0000, 0.3760, 0.2707, 0.1826, 0.1891, 0.1074, 0.0945, 0.4469, 0.0000, 0.0000, 0.4619, 0.4877, 0.1311, 0.4770, 0.4941, 0.1182, 0.0000, 0.0000, 0.1719, 0.0580, 0.1139, 0.0602, 0.0559, 0.3545, 0.3566, 0.0000, 0.0000, 0.2707, 0.0623, 0.3072, 0.2986, 0.0494, 0.0408, 0.0000, 0.0000, 0.0494, 0.1762, 0.0838, 0.0924, 0.7369, 0.6875, 0.1654, 0.0000, 0.0000, 0.1311, 0.7348, 0.6725, 0.1633, 0.1246, 0.1955, 0.0000, 0.0000, 0.0000, 0.0945, 0.0795, 0.4361, 0.4189, 0.0945, 0.3975, 0.0000, 0.0000, 0.4469, 0.3738, 0.1031, 0.0881, 0.1332, 0.1762, 0.0000, 0.0000, 0.0000, 0.0902, 0.6037, 0.5994, 0.0687, 0.6188, 0.4061, 0.0000, 0.0000, 0.4662, 0.1633, 0.2234, 0.2814, 0.1740, 0.0988, 0.2256, 0.0000, 0.0000, 0.7369, 0.7025, 0.1805, 0.7262, 0.7025, 0.1482, 0.0000, 0.0000, 0.1268, 0.1139, 0.2191, 0.3502, 0.1482, 0.2170, 0.2986, 0.0000, 0.0000, 0.5135, 0.1160, 0.4748, 0.6703, 0.2986, 0.5457, 0.0000, 0.0000, 0.3244, 0.3910, 0.1590, 0.0924, 0.2020, 0.0902, 0.0967, 0.0000, 0.0000, 0.0838, 0.7305, 0.7004, 0.1633, 0.7369, 0.6875, 0.0000, 0.0000, 0.3975, 0.2814, 0.1783, 0.1891, 0.1074, 0.0967, 0.4512, 0.0000, 0.0000, 0.4662, 0.4920, 0.1332, 0.4791, 0.5006, 0.1225, 0.0000, 0.0000, 0.1762, 0.0559, 0.1160, 0.0580, 0.0537, 0.3781, 0.3695, 0.0000, 0.0000, 0.2879, 0.0752, 0.3223, 0.3459, 0.0645, 0.0451, 0.0000, 0.0000, 0.0494, 0.1762, 0.0881, 0.0945, 0.7326, 0.6896, 0.1676, 0.0000, 0.0000, 0.1375, 0.7348, 0.6596, 0.1547, 0.1246, 0.1955, 0.0000, 0.0000,","[-0.02512688848040081,-0.5087474345666367,0.202011897679241,0.5231821813983166,-1.3956096196970849,0.663648644414695]","[-0.025102082699301705,-0.5087439763605146,0.20205265106286965,0.5231091768917556,-1.3956604001969835,0.6637541172749711]"
"0.0000, 0.1010, 0.0838, 0.4232, 0.4469, 0.0859, 0.3996, 0.0000, 0.0000, 0.4533, 0.3072, 0.1117, 0.0881, 0.1311, 0.1805, 0.0000, 0.0000, 0.0000, 0.0945, 0.4791, 0.4404, 0.0666, 0.7756, 0.4813, 0.0000, 0.0000, 0.4963, 0.1590, 0.2148, 0.2814, 0.1869, 0.1010, 0.2320, 0.0000, 0.0000, 0.7283, 0.7004, 0.1590, 0.7369, 0.6939, 0.1525, 0.0000, 0.0000, 0.1311, 0.1160, 0.2406, 0.3695, 0.1504, 0.2277, 0.3137, 0.0000, 0.0000, 0.4877, 0.1160, 0.4877, 0.6488, 0.2986, 0.5908, 0.0000, 0.0000, 0.3266, 0.3889, 0.1611, 0.0902, 0.2041, 0.0945, 0.0945, 0.0000, 0.0000, 0.0795, 0.7412, 0.6961, 0.1697, 0.7283, 0.6811, 0.0000, 0.0000, 0.3953, 0.2750, 0.1783, 0.1912, 0.1074, 0.0945, 0.4039, 0.0000, 0.0000, 0.4426, 0.4662, 0.1482, 0.4748, 0.4963, 0.1203, 0.0000, 0.0000, 0.1762, 0.0580, 0.1182, 0.0623, 0.0559, 0.3137, 0.3416, 0.0000, 0.0000, 0.2922, 0.1074, 0.2020, 0.2707, 0.0902, 0.0451, 0.0000, 0.0000, 0.0537, 0.1848, 0.0924, 0.0945, 0.7369, 0.7025, 0.1525, 0.0000, 0.0000, 0.1396, 0.7391, 0.6875, 0.1547, 0.1246, 0.2277, 0.0000, 0.0000, 0.0000, 0.0967, 0.0838, 0.4275, 0.4447, 0.0795, 0.3975, 0.0000, 0.0000, 0.4404, 0.3137, 0.1117, 0.0859, 0.1311, 0.1826, 0.0000, 0.0000, 0.0000, 0.0988, 0.4705, 0.4361, 0.0687, 0.7627, 0.4684, 0.0000, 0.0000, 0.4898, 0.1568, 0.2148, 0.2814, 0.1848, 0.0988, 0.2342, 0.0000, 0.0000, 0.7326, 0.7068, 0.1590, 0.7348, 0.6939, 0.1461, 0.0000, 0.0000, 0.1289, 0.1139, 0.2385, 0.3588, 0.1568, 0.2299, 0.3115, 0.0000, 0.0000, 0.4705, 0.1139, 0.4920, 0.6359, 0.3008, 0.6059, 0.0000, 0.0000, 0.3223, 0.3889, 0.1590, 0.0902, 0.2020, 0.0902, 0.0945, 0.0000, 0.0000, 0.0816, 0.7348, 0.6918, 0.1676, 0.7348, 0.6854, 0.0000, 0.0000, 0.3932, 0.2771, 0.1719, 0.1912, 0.1074, 0.0924, 0.4039, 0.0000, 0.0000, 0.4447, 0.4748, 0.1461, 0.4748, 0.4984, 0.1225, 0.0000, 0.0000, 0.1762, 0.0537, 0.1182, 0.0602, 0.0537, 0.3244, 0.3502, 0.0000, 0.0000, 0.2879, 0.1096, 0.2020, 0.2814, 0.0838, 0.0430, 0.0000, 0.0000, 0.0451, 0.1848, 0.0902, 0.0924, 0.7326, 0.7068, 0.1611, 0.0000, 0.0000, 0.1375, 0.7305, 0.6832, 0.1525, 0.1246, 0.2320, 0.0000, 0.0000,","0.0000, 0.1031, 0.0838, 0.4404, 0.4232, 0.0902, 0.4104, 0.0000, 0.0000, 0.4469, 0.3395, 0.1139, 0.0881, 0.1354, 0.1869, 0.0000, 0.0000, 0.0000, 0.0967, 0.5672, 0.5371, 0.0645, 0.6660, 0.4297, 0.0000, 0.0000, 0.4898, 0.1590, 0.2170, 0.2814, 0.1891, 0.1010, 0.2277, 0.0000, 0.0000, 0.7305, 0.7004, 0.1783, 0.7348, 0.6982, 0.1525, 0.0000, 0.0000, 0.1311, 0.1160, 0.2492, 0.3803, 0.1504, 0.2277, 0.3137, 0.0000, 0.0000, 0.5135, 0.1182, 0.4920, 0.6811, 0.2965, 0.5736, 0.0000, 0.0000, 0.3266, 0.3889, 0.1654, 0.0924, 0.2041, 0.0924, 0.0967, 0.0000, 0.0000, 0.0859, 0.7412, 0.6961, 0.1676, 0.7262, 0.6832, 0.0000, 0.0000, 0.4146, 0.3029, 0.1869, 0.1891, 0.1096, 0.0945, 0.4490, 0.0000, 0.0000, 0.4641, 0.4877, 0.1418, 0.4813, 0.4984, 0.1182, 0.0000, 0.0000, 0.1805, 0.0602, 0.1182, 0.0623, 0.0537, 0.3523, 0.3201, 0.0000, 0.0000, 0.3029, 0.0859, 0.2320, 0.2686, 0.0859, 0.0430, 0.0000, 0.0000, 0.0516, 0.1805, 0.0924, 0.0945, 0.7391, 0.6939, 0.1697, 0.0000, 0.0000, 0.1375, 0.7391, 0.6896, 0.1590, 0.1268, 0.2277, 0.0000, 0.0000, 0.0000, 0.0988, 0.0859, 0.4404, 0.4232, 0.0924, 0.4104, 0.0000, 0.0000, 0.4383, 0.3437, 0.1074, 0.0859, 0.1332, 0.1848, 0.0000, 0.0000, 0.0000, 0.0967, 0.5607, 0.5328, 0.0687, 0.6746, 0.4297, 0.0000, 0.0000, 0.4834, 0.1568, 0.2148, 0.2814, 0.1848, 0.1010, 0.2299, 0.0000, 0.0000, 0.7348, 0.6982, 0.1805, 0.7348, 0.6982, 0.1482, 0.0000, 0.0000, 0.1311, 0.1117, 0.2406, 0.3717, 0.1568, 0.2277, 0.3137, 0.0000, 0.0000, 0.5156, 0.1225, 0.4920, 0.6768, 0.2986, 0.5887, 0.0000, 0.0000, 0.3244, 0.3867, 0.1611, 0.0902, 0.2020, 0.0924, 0.0967, 0.0000, 0.0000, 0.0838, 0.7369, 0.6961, 0.1654, 0.7348, 0.6832, 0.0000, 0.0000, 0.4082, 0.2986, 0.1805, 0.1891, 0.1096, 0.0945, 0.4469, 0.0000, 0.0000, 0.4598, 0.4898, 0.1396, 0.4791, 0.4984, 0.1203, 0.0000, 0.0000, 0.1805, 0.0559, 0.1160, 0.0602, 0.0580, 0.3652, 0.3223, 0.0000, 0.0000, 0.3029, 0.0881, 0.2277, 0.2750, 0.0795, 0.0430, 0.0000, 0.0000, 0.0473, 0.1783, 0.0924, 0.0967, 0.7391, 0.7004, 0.1826, 0.0000, 0.0000, 0.1375, 0.7326, 0.6854, 0.1547, 0.1246, 0.2320, 0.0000, 0.0000,","[-0.026088099173051688,-0.5052544113082276,0.2002104687174223,0.30528294264221,-1.4692330438590795,0.9273301603710579]","[-0.026093153342135113,-0.5052404336262173,0.20018327396420235,0.3052720034761605,-1.4692673518732828,0.9273455598403761]"
"0.0000, 0.1053, 0.0816, 0.4211, 0.3781, 0.1096, 0.3824, 0.0000, 0.0000, 0.4641, 0.3158, 0.1139, 0.0881, 0.1375, 0.1912, 0.0000, 0.0000, 0.0000, 0.0945, 0.6596, 0.6252, 0.0752, 0.8314, 0.5092, 0.0000, 0.0000, 0.4941, 0.1590, 0.2191, 0.2857, 0.1998, 0.1053, 0.2342, 0.0000, 0.0000, 0.7412, 0.6982, 0.1848, 0.7305, 0.6918, 0.1482, 0.0000, 0.0000, 0.1332, 0.1160, 0.2750, 0.3953, 0.1504, 0.2299, 0.3029, 0.0000, 0.0000, 0.5221, 0.1268, 0.4727, 0.6295, 0.2900, 0.5930, 0.0000, 0.0000, 0.3008, 0.3738, 0.1697, 0.0924, 0.2148, 0.0902, 0.0902, 0.0000, 0.0000, 0.0859, 0.7369, 0.6918, 0.1633, 0.7348, 0.6832, 0.0000, 0.0000, 0.4426, 0.3266, 0.1891, 0.1934, 0.1096, 0.0881, 0.4662, 0.0000, 0.0000, 0.4297, 0.4404, 0.1504, 0.4791, 0.4963, 0.1203, 0.0000, 0.0000, 0.1891, 0.0580, 0.1203, 0.0623, 0.0516, 0.3889, 0.2471, 0.0000, 0.0000, 0.2041, 0.1225, 0.1482, 0.2643, 0.0902, 0.0408, 0.0000, 0.0000, 0.0473, 0.1869, 0.0945, 0.0924, 0.7391, 0.6961, 0.1762, 0.0000, 0.0000, 0.1375, 0.7326, 0.6768, 0.1461, 0.1246, 0.2535, 0.0000, 0.0000, 0.0000, 0.0988, 0.0816, 0.4275, 0.3996, 0.1074, 0.3846, 0.0000, 0.0000, 0.4533, 0.3158, 0.1160, 0.0881, 0.1375, 0.1912, 0.0000, 0.0000, 0.0000, 0.0967, 0.6252, 0.5887, 0.0730, 0.8207, 0.4941, 0.0000, 0.0000, 0.4855, 0.1611, 0.2191, 0.2857, 0.1977, 0.1031, 0.2363, 0.0000, 0.0000, 0.7391, 0.7068, 0.1977, 0.7305, 0.6854, 0.1439, 0.0000, 0.0000, 0.1289, 0.1139, 0.2664, 0.3867, 0.1525, 0.2299, 0.3008, 0.0000, 0.0000, 0.5199, 0.1225, 0.4705, 0.6338, 0.2965, 0.5973, 0.0000, 0.0000, 0.3008, 0.3717, 0.1697, 0.0924, 0.2105, 0.0902, 0.0902, 0.0000, 0.0000, 0.0859, 0.7348, 0.6854, 0.1654, 0.7348, 0.6918, 0.0000, 0.0000, 0.4490, 0.3180, 0.1848, 0.1912, 0.1096, 0.0902, 0.4641, 0.0000, 0.0000, 0.4318, 0.4340, 0.1504, 0.4791, 0.4963, 0.1225, 0.0000, 0.0000, 0.1869, 0.0580, 0.1203, 0.0623, 0.0537, 0.3889, 0.2535, 0.0000, 0.0000, 0.2084, 0.1246, 0.1504, 0.2643, 0.0924, 0.0451, 0.0000, 0.0000, 0.0473, 0.1869, 0.0945, 0.0924, 0.7369, 0.6918, 0.1740, 0.0000, 0.0000, 0.1354, 0.7369, 0.6703, 0.1461, 0.1246, 0.2600, 0.0000, 0.0000,","0.0000, 0.1031, 0.0902, 0.0645, 0.0602, 0.0537, 0.4168, 0.0000, 0.0000, 0.4684, 0.3137, 0.1074, 0.0881, 0.1354, 0.1826, 0.0000, 0.0000, 0.0000, 0.0988, 0.0902, 0.0666, 0.0687, 0.8186, 0.4813, 0.0000, 0.0000, 0.4898, 0.1611, 0.2234, 0.2857, 0.1869, 0.1053, 0.2342, 0.0000, 0.0000, 0.0859, 0.0773, 0.0838, 0.7369, 0.6854, 0.1418, 0.0000, 0.0000, 0.1246, 0.1117, 0.2514, 0.3760, 0.1525, 0.2449, 0.3437, 0.0000, 0.0000, 0.1568, 0.1203, 0.5156, 0.6295, 0.3223, 0.5586, 0.0000, 0.0000, 0.3502, 0.4168, 0.1697, 0.1074, 0.1268, 0.1354, 0.1117, 0.0000, 0.0000, 0.1525, 0.1439, 0.6896, 0.1654, 0.5822, 0.6811, 0.0000, 0.0000, 0.3889, 0.0924, 0.0730, 0.0709, 0.0752, 0.0473, 0.1160, 0.0000, 0.0000, 0.0773, 0.3996, 0.0838, 0.3437, 0.4168, 0.0945, 0.0000, 0.0000, 0.0988, 0.0559, 0.0687, 0.0473, 0.0451, 0.0516, 0.0645, 0.0000, 0.0000, 0.2105, 0.0602, 0.2084, 0.2170, 0.0451, 0.0408, 0.0000, 0.0000, 0.0473, 0.1783, 0.0881, 0.1031, 0.0795, 0.0795, 0.0752, 0.0000, 0.0000, 0.1418, 0.7348, 0.6875, 0.1568, 0.1246, 0.2277, 0.0000, 0.0000, 0.0000, 0.0988, 0.0902, 0.0645, 0.0602, 0.0516, 0.4039, 0.0000, 0.0000, 0.4705, 0.3223, 0.1117, 0.0881, 0.1354, 0.1805, 0.0000, 0.0000, 0.0000, 0.1010, 0.0924, 0.0666, 0.0645, 0.7863, 0.4555, 0.0000, 0.0000, 0.4662, 0.1633, 0.2234, 0.2857, 0.1826, 0.1053, 0.2363, 0.0000, 0.0000, 0.0859, 0.0752, 0.0838, 0.7391, 0.6789, 0.1418, 0.0000, 0.0000, 0.1246, 0.1139, 0.2428, 0.3695, 0.1525, 0.2428, 0.3437, 0.0000, 0.0000, 0.1568, 0.1203, 0.5135, 0.6402, 0.3201, 0.5844, 0.0000, 0.0000, 0.3523, 0.4168, 0.1676, 0.1053, 0.1246, 0.1332, 0.1117, 0.0000, 0.0000, 0.1547, 0.1461, 0.6854, 0.1676, 0.5801, 0.6768, 0.0000, 0.0000, 0.3910, 0.0902, 0.0709, 0.0709, 0.0773, 0.0494, 0.1160, 0.0000, 0.0000, 0.0752, 0.4018, 0.0838, 0.3459, 0.4168, 0.0967, 0.0000, 0.0000, 0.1010, 0.0580, 0.0709, 0.0516, 0.0451, 0.0494, 0.0623, 0.0000, 0.0000, 0.2213, 0.0559, 0.2084, 0.2170, 0.0537, 0.0451, 0.0000, 0.0000, 0.0473, 0.1826, 0.0881, 0.1010, 0.0752, 0.0730, 0.0730, 0.0000, 0.0000, 0.1396, 0.7348, 0.6832, 0.1525, 0.1225, 0.2342, 0.0000, 0.0000,","[-0.023026158960736037,-0.5151556533041625,0.2117020882076176,0.5076347259441396,-1.1720117685513258,0.7850202756049116]","[-0.023025333417230454,-0.5151488569597986,0.2117327875588101,0.5076052732731895,-1.1719652793353,0.7850632146990187]"
"0.0000, 0.1031, 0.0838, 0.3996, 0.4361, 0.0752, 0.4168, 0.0000, 0.0000, 0.4855, 0.4146, 0.0988, 0.0967, 0.1396, 0.1633, 0.0000, 0.0000, 0.0000, 0.0881, 0.4533, 0.4232, 0.0687, 0.7842, 0.4426, 0.0000, 0.0000, 0.4211, 0.1654, 0.2256, 0.3072, 0.1654, 0.1074, 0.2148, 0.0000, 0.0000, 0.7305, 0.7197, 0.1504, 0.7326, 0.6854, 0.1461, 0.0000, 0.0000, 0.1268, 0.1139, 0.1805, 0.2922, 0.1332, 0.2213, 0.3137, 0.0000, 0.0000, 0.4533, 0.1160, 0.5006, 0.6617, 0.3029, 0.4984, 0.0000, 0.0000, 0.3223, 0.3953, 0.1504, 0.0967, 0.1869, 0.0902, 0.0967, 0.0000, 0.0000, 0.0795, 0.7391, 0.6832, 0.1633, 0.7348, 0.6961, 0.0000, 0.0000, 0.3480, 0.2256, 0.1611, 0.1848, 0.1139, 0.0967, 0.3867, 0.0000, 0.0000, 0.4963, 0.5049, 0.1375, 0.4727, 0.5070, 0.1246, 0.0000, 0.0000, 0.1611, 0.0623, 0.1117, 0.0666, 0.0580, 0.2750, 0.3373, 0.0000, 0.0000, 0.3201, 0.0687, 0.2729, 0.2707, 0.0430, 0.0516, 0.0000, 0.0000, 0.0580, 0.1719, 0.0902, 0.0924, 0.7283, 0.7090, 0.1525, 0.0000, 0.0000, 0.1332, 0.7369, 0.6746, 0.1525, 0.1225, 0.1740, 0.0000, 0.0000, 0.0000, 0.1010, 0.0838, 0.3953, 0.4318, 0.0752, 0.4189, 0.0000, 0.0000, 0.4877, 0.4125, 0.0988, 0.0945, 0.1396, 0.1633, 0.0000, 0.0000, 0.0000, 0.0902, 0.4404, 0.4104, 0.0709, 0.7670, 0.4254, 0.0000, 0.0000, 0.4104, 0.1654, 0.2234, 0.3072, 0.1633, 0.1096, 0.2127, 0.0000, 0.0000, 0.7283, 0.7154, 0.1482, 0.7369, 0.6832, 0.1482, 0.0000, 0.0000, 0.1268, 0.1117, 0.1783, 0.2922, 0.1354, 0.2213, 0.3115, 0.0000, 0.0000, 0.4469, 0.1182, 0.5027, 0.6660, 0.3008, 0.5070, 0.0000, 0.0000, 0.3244, 0.3932, 0.1525, 0.0967, 0.1869, 0.0924, 0.0988, 0.0000, 0.0000, 0.0795, 0.7412, 0.6896, 0.1633, 0.7305, 0.6939, 0.0000, 0.0000, 0.3502, 0.2277, 0.1568, 0.1848, 0.1139, 0.0967, 0.3889, 0.0000, 0.0000, 0.5006, 0.5049, 0.1396, 0.4727, 0.5092, 0.1246, 0.0000, 0.0000, 0.1611, 0.0623, 0.1139, 0.0687, 0.0580, 0.2729, 0.3437, 0.0000, 0.0000, 0.3201, 0.0666, 0.2729, 0.2664, 0.0473, 0.0516, 0.0000, 0.0000, 0.0580, 0.1740, 0.0881, 0.0924, 0.7262, 0.7004, 0.1439, 0.0000, 0.0000, 0.1289, 0.7412, 0.6832, 0.1525, 0.1225, 0.1783, 0.0000, 0.0000,","0.0000, 0.1031, 0.0838, 0.4426, 0.4490, 0.0902, 0.4125, 0.0000, 0.0000, 0.4920, 0.4168, 0.0988, 0.0967, 0.1418, 0.1654, 0.0000, 0.0000, 0.0000, 0.0902, 0.5758, 0.5586, 0.0666, 0.8400, 0.4662, 0.0000, 0.0000, 0.4168, 0.1676, 0.2277, 0.3094, 0.1654, 0.1074, 0.2148, 0.0000, 0.0000, 0.7326, 0.7133, 0.1805, 0.7326, 0.6832, 0.1482, 0.0000, 0.0000, 0.1268, 0.1117, 0.1783, 0.2922, 0.1354, 0.2191, 0.3137, 0.0000, 0.0000, 0.5113, 0.1203, 0.4963, 0.6467, 0.3051, 0.4941, 0.0000, 0.0000, 0.3244, 0.3932, 0.1504, 0.0945, 0.1934, 0.0902, 0.0967, 0.0000, 0.0000, 0.0859, 0.7369, 0.6811, 0.1590, 0.7348, 0.6939, 0.0000, 0.0000, 0.3545, 0.2320, 0.1740, 0.1869, 0.1139, 0.0988, 0.4533, 0.0000, 0.0000, 0.4877, 0.4898, 0.1396, 0.4727, 0.5049, 0.1289, 0.0000, 0.0000, 0.1633, 0.0623, 0.1139, 0.0645, 0.0537, 0.3287, 0.3781, 0.0000, 0.0000, 0.3029, 0.0773, 0.2557, 0.2621, 0.0430, 0.0494, 0.0000, 0.0000, 0.0580, 0.1740, 0.0924, 0.0945, 0.7348, 0.7025, 0.1805, 0.0000, 0.0000, 0.1289, 0.7369, 0.6725, 0.1525, 0.1225, 0.1719, 0.0000, 0.0000, 0.0000, 0.1010, 0.0838, 0.4404, 0.4533, 0.0881, 0.4061, 0.0000, 0.0000, 0.4963, 0.4104, 0.0988, 0.0967, 0.1418, 0.1633, 0.0000, 0.0000, 0.0000, 0.0902, 0.5457, 0.5242, 0.0709, 0.8572, 0.4598, 0.0000, 0.0000, 0.4039, 0.1676, 0.2256, 0.3094, 0.1654, 0.1074, 0.2170, 0.0000, 0.0000, 0.7326, 0.7111, 0.1762, 0.7326, 0.6811, 0.1482, 0.0000, 0.0000, 0.1268, 0.1096, 0.1740, 0.2879, 0.1396, 0.2213, 0.3115, 0.0000, 0.0000, 0.5092, 0.1225, 0.4898, 0.6252, 0.3051, 0.5070, 0.0000, 0.0000, 0.3223, 0.3932, 0.1504, 0.0945, 0.1912, 0.0902, 0.0945, 0.0000, 0.0000, 0.0816, 0.7369, 0.6789, 0.1611, 0.7348, 0.6939, 0.0000, 0.0000, 0.3545, 0.2320, 0.1676, 0.1869, 0.1139, 0.0967, 0.4469, 0.0000, 0.0000, 0.4834, 0.4855, 0.1396, 0.4727, 0.5070, 0.1289, 0.0000, 0.0000, 0.1633, 0.0666, 0.1160, 0.0645, 0.0537, 0.2793, 0.3760, 0.0000, 0.0000, 0.2965, 0.0795, 0.2299, 0.2320, 0.0365, 0.0473, 0.0000, 0.0000, 0.0537, 0.1719, 0.0881, 0.0945, 0.7305, 0.6896, 0.1654, 0.0000, 0.0000, 0.1289, 0.7369, 0.6596, 0.1568, 0.1246, 0.1719, 0.0000, 0.0000,","[-0.021925623070919727,-0.5326576753267066,0.19868251483501767,0.7357102366974114,-1.5475356752991927,1.2078627100202324]","[-0.021880954586976076,-0.5326649378208272,0.19867032168075927,0.735822262721351,-1.5475069000145047,1.207941689387218]"
"0.0000, 0.0859, 0.0709, 0.4146, 0.3674, 0.1225, 0.3803, 0.0000, 0.0000, 0.3588, 0.2578, 0.1203, 0.0838, 0.1096, 0.1654, 0.0000, 0.0000, 0.0000, 0.0924, 0.6230, 0.5672, 0.0816, 0.7949, 0.5500, 0.0000, 0.0000, 0.5801, 0.1568, 0.2063, 0.2771, 0.1740, 0.0902, 0.2428, 0.0000, 0.0000, 0.7391, 0.7004, 0.1568, 0.7305, 0.6875, 0.1697, 0.0000, 0.0000, 0.1354, 0.1160, 0.1998, 0.3029, 0.1654, 0.2234, 0.2857, 0.0000, 0.0000, 0.5113, 0.1246, 0.4705, 0.5801, 0.3051, 0.6639, 0.0000, 0.0000, 0.2879, 0.3566, 0.1504, 0.0881, 0.2234, 0.0924, 0.0859, 0.0000, 0.0000, 0.0924, 0.7326, 0.6854, 0.1955, 0.7369, 0.6854, 0.0000, 0.0000, 0.3652, 0.2385, 0.2041, 0.1912, 0.1031, 0.0816, 0.4619, 0.0000, 0.0000, 0.4383, 0.4104, 0.1719, 0.5285, 0.5264, 0.1311, 0.0000, 0.0000, 0.1633, 0.0602, 0.1268, 0.0623, 0.0451, 0.3094, 0.3008, 0.0000, 0.0000, 0.1805, 0.1311, 0.1654, 0.2879, 0.0924, 0.0494, 0.0000, 0.0000, 0.0537, 0.1977, 0.0945, 0.0881, 0.7348, 0.6918, 0.1504, 0.0000, 0.0000, 0.1848, 0.7348, 0.6746, 0.1461, 0.1203, 0.1869, 0.0000, 0.0000, 0.0000, 0.0838, 0.0623, 0.4061, 0.3695, 0.1289, 0.3824, 0.0000, 0.0000, 0.3652, 0.2686, 0.1246, 0.0816, 0.1074, 0.1654, 0.0000, 0.0000, 0.0000, 0.0924, 0.6059, 0.5479, 0.0816, 0.7971, 0.5285, 0.0000, 0.0000, 0.5779, 0.1611, 0.2063, 0.2750, 0.1740, 0.0924, 0.2449, 0.0000, 0.0000, 0.7348, 0.7068, 0.1719, 0.7326, 0.6789, 0.1740, 0.0000, 0.0000, 0.1311, 0.1139, 0.1977, 0.3008, 0.1719, 0.2234, 0.2857, 0.0000, 0.0000, 0.5113, 0.1225, 0.4705, 0.5736, 0.3094, 0.6746, 0.0000, 0.0000, 0.2900, 0.3566, 0.1504, 0.0881, 0.2191, 0.0902, 0.0859, 0.0000, 0.0000, 0.0924, 0.7391, 0.6811, 0.1998, 0.7326, 0.6961, 0.0000, 0.0000, 0.3760, 0.2406, 0.1998, 0.1912, 0.1031, 0.0816, 0.4555, 0.0000, 0.0000, 0.4426, 0.3846, 0.1783, 0.5285, 0.5307, 0.1289, 0.0000, 0.0000, 0.1654, 0.0623, 0.1246, 0.0602, 0.0451, 0.3094, 0.3158, 0.0000, 0.0000, 0.1805, 0.1332, 0.1611, 0.2879, 0.0838, 0.0494, 0.0000, 0.0000, 0.0559, 0.1977, 0.0945, 0.0902, 0.7348, 0.6811, 0.1461, 0.0000, 0.0000, 0.1891, 0.7391, 0.6789, 0.1482, 0.1225, 0.1934, 0.0000, 0.0000,","0.0000, 0.0795, 0.0645, 0.3867, 0.3115, 0.1182, 0.3223, 0.0000, 0.0000, 0.3480, 0.2643, 0.1139, 0.0795, 0.1117, 0.1525, 0.0000, 0.0000, 0.0000, 0.0902, 0.7906, 0.8186, 0.0752, 0.4555, 0.3953, 0.0000, 0.0000, 0.5285, 0.1568, 0.2105, 0.2750, 0.1568, 0.0967, 0.2320, 0.0000, 0.0000, 0.7391, 0.6854, 0.1891, 0.7197, 0.7176, 0.1719, 0.0000, 0.0000, 0.1246, 0.1096, 0.1762, 0.2879, 0.1525, 0.2213, 0.2965, 0.0000, 0.0000, 0.5199, 0.1461, 0.4061, 0.5285, 0.2965, 0.6338, 0.0000, 0.0000, 0.3008, 0.3695, 0.1461, 0.0902, 0.2170, 0.0924, 0.0924, 0.0000, 0.0000, 0.0945, 0.7305, 0.7133, 0.1977, 0.7348, 0.6768, 0.0000, 0.0000, 0.3502, 0.2363, 0.1977, 0.1955, 0.1182, 0.0902, 0.4770, 0.0000, 0.0000, 0.4641, 0.4211, 0.1568, 0.4984, 0.5049, 0.1311, 0.0000, 0.0000, 0.1633, 0.0687, 0.1311, 0.0730, 0.0516, 0.4662, 0.5006, 0.0000, 0.0000, 0.1998, 0.0645, 0.3652, 0.3395, 0.0516, 0.0537, 0.0000, 0.0000, 0.0623, 0.1719, 0.0816, 0.0816, 0.7412, 0.6875, 0.1654, 0.0000, 0.0000, 0.1611, 0.7369, 0.6982, 0.1719, 0.1203, 0.1225, 0.0000, 0.0000, 0.0000, 0.0795, 0.0623, 0.3953, 0.3244, 0.1268, 0.3309, 0.0000, 0.0000, 0.3523, 0.2879, 0.1160, 0.0816, 0.1117, 0.1525, 0.0000, 0.0000, 0.0000, 0.0902, 0.7648, 0.7412, 0.0795, 0.4447, 0.4061, 0.0000, 0.0000, 0.5371, 0.1568, 0.2105, 0.2771, 0.1590, 0.0967, 0.2342, 0.0000, 0.0000, 0.7369, 0.6875, 0.1891, 0.7219, 0.7154, 0.1719, 0.0000, 0.0000, 0.1203, 0.1074, 0.1719, 0.2879, 0.1568, 0.2191, 0.2965, 0.0000, 0.0000, 0.5221, 0.1439, 0.4039, 0.5264, 0.2965, 0.6467, 0.0000, 0.0000, 0.3008, 0.3695, 0.1461, 0.0902, 0.2148, 0.0902, 0.0902, 0.0000, 0.0000, 0.0924, 0.7305, 0.7111, 0.2020, 0.7305, 0.6854, 0.0000, 0.0000, 0.3545, 0.2385, 0.1891, 0.1912, 0.1160, 0.0902, 0.4834, 0.0000, 0.0000, 0.4641, 0.4211, 0.1568, 0.5006, 0.5070, 0.1289, 0.0000, 0.0000, 0.1633, 0.0666, 0.1311, 0.0730, 0.0559, 0.4748, 0.5113, 0.0000, 0.0000, 0.1977, 0.0623, 0.3566, 0.3459, 0.0516, 0.0580, 0.0000, 0.0000, 0.0645, 0.1719, 0.0838, 0.0816, 0.7391, 0.6875, 0.1611, 0.0000, 0.0000, 0.1633, 0.7369, 0.6961, 0.1740, 0.1203, 0.1203, 0.0000, 0.0000,","[0.029455152359226425,-0.5353557321852322,0.2138047529080185,1.6618077031946366,-0.3883725217076973,2.052040796832503]","[0.02948732387070699,-0.5353590727087842,0.21382110476174984,1.6617921565786526,-0.3884166937506018,2.0521291312467502]"
"0.0000, 0.0988, 0.0752, 0.4426, 0.4039, 0.1031, 0.3910, 0.0000, 0.0000, 0.4168, 0.2707, 0.1182, 0.0816, 0.1311, 0.2020, 0.0000, 0.0000, 0.0000, 0.0902, 0.5264, 0.4791, 0.0795, 0.8637, 0.5500, 0.0000, 0.0000, 0.5393, 0.1633, 0.2234, 0.2879, 0.2063, 0.0967, 0.2342, 0.0000, 0.0000, 0.7348, 0.7047, 0.1525, 0.7305, 0.6918, 0.1568, 0.0000, 0.0000, 0.1354, 0.1203, 0.2750, 0.4168, 0.1611, 0.2213, 0.2922, 0.0000, 0.0000, 0.4920, 0.1203, 0.4705, 0.6059, 0.3072, 0.6359, 0.0000, 0.0000, 0.3094, 0.3824, 0.1740, 0.0902, 0.2105, 0.0902, 0.0859, 0.0000, 0.0000, 0.0902, 0.7326, 0.6854, 0.1826, 0.7369, 0.6896, 0.0000, 0.0000, 0.4404, 0.3395, 0.1977, 0.1869, 0.0988, 0.0816, 0.4383, 0.0000, 0.0000, 0.4189, 0.3889, 0.1633, 0.4641, 0.4598, 0.1289, 0.0000, 0.0000, 0.1955, 0.0559, 0.1246, 0.0623, 0.0516, 0.3867, 0.3309, 0.0000, 0.0000, 0.2836, 0.1311, 0.1482, 0.2105, 0.1053, 0.0430, 0.0000, 0.0000, 0.0537, 0.1934, 0.0988, 0.0945, 0.7348, 0.6982, 0.1461, 0.0000, 0.0000, 0.1633, 0.7305, 0.6746, 0.1482, 0.1311, 0.2600, 0.0000, 0.0000, 0.0000, 0.0945, 0.0752, 0.4426, 0.4146, 0.1031, 0.3846, 0.0000, 0.0000, 0.4104, 0.2771, 0.1225, 0.0816, 0.1332, 0.2041, 0.0000, 0.0000, 0.0000, 0.0924, 0.5221, 0.4813, 0.0795, 0.8486, 0.5285, 0.0000, 0.0000, 0.5264, 0.1633, 0.2213, 0.2879, 0.2020, 0.0967, 0.2342, 0.0000, 0.0000, 0.7348, 0.7111, 0.1590, 0.7326, 0.6832, 0.1547, 0.0000, 0.0000, 0.1289, 0.1160, 0.2686, 0.4146, 0.1654, 0.2213, 0.2922, 0.0000, 0.0000, 0.4877, 0.1203, 0.4727, 0.6080, 0.3094, 0.6531, 0.0000, 0.0000, 0.3094, 0.3846, 0.1740, 0.0902, 0.2063, 0.0924, 0.0859, 0.0000, 0.0000, 0.0924, 0.7412, 0.6832, 0.1826, 0.7326, 0.6939, 0.0000, 0.0000, 0.4469, 0.3395, 0.1891, 0.1869, 0.1010, 0.0816, 0.4275, 0.0000, 0.0000, 0.4189, 0.3760, 0.1676, 0.4662, 0.4641, 0.1225, 0.0000, 0.0000, 0.1934, 0.0516, 0.1246, 0.0645, 0.0537, 0.3760, 0.3373, 0.0000, 0.0000, 0.2922, 0.1332, 0.1396, 0.2127, 0.0988, 0.0430, 0.0000, 0.0000, 0.0473, 0.1912, 0.0967, 0.0945, 0.7305, 0.6918, 0.1396, 0.0000, 0.0000, 0.1676, 0.7391, 0.6768, 0.1482, 0.1311, 0.2643, 0.0000, 0.0000,","0.0000, 0.0559, 0.0215, 0.0859, 0.0666, 0.0365, 0.0902, 0.0000, 0.0000, 0.1783, 0.1461, 0.0516, 0.0730, 0.1246, 0.0967, 0.0000, 0.0000, 0.0000, 0.0602, 0.6316, 0.5779, 0.0580, 0.1568, 0.4125, 0.0000, 0.0000, 0.3609, 0.1590, 0.2148, 0.2256, 0.1740, 0.1010, 0.2063, 0.0000, 0.0000, 0.7348, 0.6961, 0.1611, 0.1160, 0.0945, 0.1525, 0.0000, 0.0000, 0.1031, 0.0924, 0.2063, 0.3867, 0.1354, 0.2105, 0.2900, 0.0000, 0.0000, 0.5178, 0.1396, 0.2900, 0.3867, 0.2900, 0.5930, 0.0000, 0.0000, 0.3008, 0.3781, 0.1611, 0.0859, 0.1955, 0.0902, 0.0881, 0.0000, 0.0000, 0.1203, 0.0945, 0.1311, 0.1934, 0.7369, 0.6768, 0.0000, 0.0000, 0.4211, 0.3352, 0.1805, 0.1805, 0.1010, 0.0838, 0.4641, 0.0000, 0.0000, 0.2578, 0.1676, 0.1396, 0.4727, 0.4770, 0.1139, 0.0000, 0.0000, 0.1848, 0.0516, 0.1332, 0.0709, 0.0602, 0.5049, 0.4727, 0.0000, 0.0000, 0.0859, 0.0795, 0.4727, 0.3932, 0.0645, 0.0494, 0.0000, 0.0000, 0.0516, 0.1375, 0.0730, 0.0494, 0.5930, 0.5436, 0.0580, 0.0000, 0.0000, 0.0838, 0.5221, 0.5607, 0.0473, 0.0645, 0.1096, 0.0000, 0.0000, 0.0000, 0.0580, 0.0279, 0.0988, 0.0795, 0.0451, 0.0902, 0.0000, 0.0000, 0.1848, 0.1482, 0.0430, 0.0709, 0.1225, 0.0902, 0.0000, 0.0000, 0.0000, 0.0602, 0.6789, 0.6252, 0.0580, 0.1611, 0.4146, 0.0000, 0.0000, 0.3437, 0.1590, 0.2170, 0.2320, 0.1697, 0.1010, 0.2127, 0.0000, 0.0000, 0.7369, 0.7090, 0.1654, 0.1268, 0.0945, 0.1590, 0.0000, 0.0000, 0.1074, 0.0988, 0.2213, 0.3975, 0.1482, 0.2148, 0.2922, 0.0000, 0.0000, 0.5221, 0.1418, 0.2965, 0.3910, 0.2922, 0.5930, 0.0000, 0.0000, 0.3029, 0.3803, 0.1654, 0.0881, 0.1977, 0.0924, 0.0881, 0.0000, 0.0000, 0.1246, 0.0967, 0.1332, 0.1955, 0.7348, 0.6918, 0.0000, 0.0000, 0.4297, 0.3395, 0.1805, 0.1805, 0.1031, 0.0859, 0.4641, 0.0000, 0.0000, 0.2621, 0.1654, 0.1375, 0.4662, 0.4770, 0.1160, 0.0000, 0.0000, 0.1848, 0.0537, 0.1354, 0.0709, 0.0623, 0.5178, 0.4748, 0.0000, 0.0000, 0.0859, 0.0795, 0.4834, 0.3889, 0.0709, 0.0516, 0.0000, 0.0000, 0.0537, 0.1396, 0.0730, 0.0473, 0.5908, 0.5457, 0.0580, 0.0000, 0.0000, 0.0838, 0.5264, 0.5607, 0.0473, 0.0666, 0.1139, 0.0000, 0.0000,","[-0.012234464706292275,-0.5163455739557024,0.208637545173472,1.2759090850626487,-0.5574863699251559,1.93317852131598]","[-0.012184192675300645,-0.51632168195943,0.20863628359767236,1.276006461404105,-0.5574452884925899,1.933247297704327]"
"0.0000, 0.1031, 0.0859, 0.4555, 0.4297, 0.0967, 0.3889, 0.0000, 0.0000, 0.4684, 0.3266, 0.1182, 0.0902, 0.1354, 0.1912, 0.0000, 0.0000, 0.0000, 0.0924, 0.5607, 0.5371, 0.0730, 0.8723, 0.5156, 0.0000, 0.0000, 0.4813, 0.1611, 0.2213, 0.2879, 0.1826, 0.0988, 0.2148, 0.0000, 0.0000, 0.7326, 0.6939, 0.1676, 0.7348, 0.6660, 0.1525, 0.0000, 0.0000, 0.1289, 0.1160, 0.2277, 0.3695, 0.1396, 0.2213, 0.3094, 0.0000, 0.0000, 0.5049, 0.1225, 0.4855, 0.6080, 0.3115, 0.5758, 0.0000, 0.0000, 0.3309, 0.4018, 0.1654, 0.0945, 0.2041, 0.0924, 0.0967, 0.0000, 0.0000, 0.0881, 0.7412, 0.6811, 0.1697, 0.7326, 0.6939, 0.0000, 0.0000, 0.4146, 0.3029, 0.1805, 0.1826, 0.1053, 0.0924, 0.4490, 0.0000, 0.0000, 0.4318, 0.4254, 0.1525, 0.4727, 0.4898, 0.1182, 0.0000, 0.0000, 0.1848, 0.0537, 0.1160, 0.0623, 0.0559, 0.3760, 0.3395, 0.0000, 0.0000, 0.2793, 0.1268, 0.1891, 0.2943, 0.0859, 0.0473, 0.0000, 0.0000, 0.0516, 0.1762, 0.0945, 0.0967, 0.7348, 0.6875, 0.1525, 0.0000, 0.0000, 0.1439, 0.7391, 0.6789, 0.1461, 0.1311, 0.2256, 0.0000, 0.0000, 0.0000, 0.0967, 0.0859, 0.4576, 0.4361, 0.0967, 0.3953, 0.0000, 0.0000, 0.4576, 0.3223, 0.1096, 0.0881, 0.1354, 0.1912, 0.0000, 0.0000, 0.0000, 0.0902, 0.5500, 0.5135, 0.0752, 0.8422, 0.5113, 0.0000, 0.0000, 0.4855, 0.1633, 0.2234, 0.2922, 0.1869, 0.0988, 0.2213, 0.0000, 0.0000, 0.7283, 0.7025, 0.1654, 0.7391, 0.6896, 0.1504, 0.0000, 0.0000, 0.1289, 0.1182, 0.2342, 0.3846, 0.1504, 0.2234, 0.3137, 0.0000, 0.0000, 0.5070, 0.1268, 0.4941, 0.6467, 0.3094, 0.5844, 0.0000, 0.0000, 0.3373, 0.4061, 0.1676, 0.0967, 0.1955, 0.0902, 0.0988, 0.0000, 0.0000, 0.0902, 0.7412, 0.6939, 0.1740, 0.7305, 0.6811, 0.0000, 0.0000, 0.4082, 0.3094, 0.1762, 0.1805, 0.1031, 0.0902, 0.4469, 0.0000, 0.0000, 0.4361, 0.4340, 0.1568, 0.4662, 0.4877, 0.1203, 0.0000, 0.0000, 0.1848, 0.0580, 0.1182, 0.0623, 0.0580, 0.3803, 0.3395, 0.0000, 0.0000, 0.2814, 0.1139, 0.1998, 0.2986, 0.0838, 0.0451, 0.0000, 0.0000, 0.0494, 0.1740, 0.0945, 0.0988, 0.7391, 0.6918, 0.1547, 0.0000, 0.0000, 0.1482, 0.7391, 0.6896, 0.1568, 0.1311, 0.2299, 0.0000, 0.0000,","0.0000, 0.0623, 0.0215, 0.0752, 0.1010, 0.0301, 0.0730, 0.0000, 0.0000, 0.3158, 0.2686, 0.0494, 0.0816, 0.1418, 0.0924, 0.0000, 0.0000, 0.0000, 0.0602, 0.5693, 0.5199, 0.0516, 0.2084, 0.4061, 0.0000, 0.0000, 0.3373, 0.1611, 0.2213, 0.2428, 0.1611, 0.1031, 0.2105, 0.0000, 0.0000, 0.7283, 0.7004, 0.1439, 0.4018, 0.4404, 0.1311, 0.0000, 0.0000, 0.1117, 0.0988, 0.2084, 0.3717, 0.1418, 0.2213, 0.3137, 0.0000, 0.0000, 0.5092, 0.1311, 0.3072, 0.4963, 0.2986, 0.5865, 0.0000, 0.0000, 0.3330, 0.4039, 0.1633, 0.0945, 0.1955, 0.0945, 0.0988, 0.0000, 0.0000, 0.1031, 0.3996, 0.5607, 0.1568, 0.7391, 0.6832, 0.0000, 0.0000, 0.3889, 0.2986, 0.1762, 0.1805, 0.1053, 0.0924, 0.4383, 0.0000, 0.0000, 0.2879, 0.2922, 0.1246, 0.4770, 0.4855, 0.1225, 0.0000, 0.0000, 0.1783, 0.0580, 0.1268, 0.0709, 0.0666, 0.4104, 0.4469, 0.0000, 0.0000, 0.1676, 0.0645, 0.4555, 0.3932, 0.0666, 0.0494, 0.0000, 0.0000, 0.0559, 0.1354, 0.0687, 0.0730, 0.5973, 0.6037, 0.0881, 0.0000, 0.0000, 0.0967, 0.7133, 0.7154, 0.0945, 0.0666, 0.0344, 0.0000, 0.0000, 0.0000, 0.0645, 0.0279, 0.0924, 0.1139, 0.0258, 0.0730, 0.0000, 0.0000, 0.3266, 0.2729, 0.0451, 0.0795, 0.1418, 0.0902, 0.0000, 0.0000, 0.0000, 0.0580, 0.5607, 0.5092, 0.0537, 0.2127, 0.4082, 0.0000, 0.0000, 0.3244, 0.1590, 0.2213, 0.2449, 0.1590, 0.1031, 0.2105, 0.0000, 0.0000, 0.7283, 0.7025, 0.1418, 0.4232, 0.4555, 0.1332, 0.0000, 0.0000, 0.1096, 0.1031, 0.2020, 0.3674, 0.1461, 0.2213, 0.3137, 0.0000, 0.0000, 0.5070, 0.1311, 0.3072, 0.5006, 0.3008, 0.6016, 0.0000, 0.0000, 0.3330, 0.4039, 0.1611, 0.0945, 0.1912, 0.0902, 0.0945, 0.0000, 0.0000, 0.1031, 0.3953, 0.5586, 0.1590, 0.7369, 0.6789, 0.0000, 0.0000, 0.3846, 0.2965, 0.1697, 0.1826, 0.1074, 0.0924, 0.4361, 0.0000, 0.0000, 0.2857, 0.2879, 0.1246, 0.4748, 0.4855, 0.1182, 0.0000, 0.0000, 0.1740, 0.0580, 0.1289, 0.0709, 0.0645, 0.3953, 0.4619, 0.0000, 0.0000, 0.1568, 0.0623, 0.4576, 0.4168, 0.0602, 0.0473, 0.0000, 0.0000, 0.0516, 0.1311, 0.0645, 0.0687, 0.5801, 0.5865, 0.0795, 0.0000, 0.0000, 0.0945, 0.7068, 0.7068, 0.0902, 0.0666, 0.0365, 0.0000, 0.0000,","[0.03195233817260035,-0.5157919598230293,0.18872152118228683,-2.650270239834495,-0.2404007314528713,-1.6407939135669931]","[0.031993566279552924,-0.5157635370910486,0.18870693176856576,-2.6501174946864436,-0.2403676345338164,-1.640777349968097]"
"0.0000, 0.0988, 0.0838, 0.3652, 0.4211, 0.0687, 0.4189, 0.0000, 0.0000, 0.4318, 0.3373, 0.1117, 0.0924, 0.1354, 0.1697, 0.0000, 0.0000, 0.0000, 0.0902, 0.3846, 0.3652, 0.0709, 0.6510, 0.4168, 0.0000, 0.0000, 0.5715, 0.1568, 0.2148, 0.2643, 0.1654, 0.0967, 0.2170, 0.0000, 0.0000, 0.7219, 0.7133, 0.1354, 0.7369, 0.6961, 0.1418, 0.0000, 0.0000, 0.1268, 0.1139, 0.1676, 0.3158, 0.1418, 0.2234, 0.3158, 0.0000, 0.0000, 0.4104, 0.1160, 0.4941, 0.6768, 0.2965, 0.6209, 0.0000, 0.0000, 0.3373, 0.3975, 0.1568, 0.0967, 0.1826, 0.0881, 0.0988, 0.0000, 0.0000, 0.0795, 0.7369, 0.7047, 0.1611, 0.7283, 0.6918, 0.0000, 0.0000, 0.3201, 0.2299, 0.1611, 0.1826, 0.1117, 0.0945, 0.3266, 0.0000, 0.0000, 0.4855, 0.4898, 0.1289, 0.4748, 0.4855, 0.1182, 0.0000, 0.0000, 0.1654, 0.0602, 0.1225, 0.0730, 0.0623, 0.2578, 0.3287, 0.0000, 0.0000, 0.3330, 0.0687, 0.3717, 0.3609, 0.0623, 0.0516, 0.0000, 0.0000, 0.0580, 0.1697, 0.0881, 0.0924, 0.7283, 0.7047, 0.1332, 0.0000, 0.0000, 0.1332, 0.7412, 0.6896, 0.1611, 0.1311, 0.1525, 0.0000, 0.0000, 0.0000, 0.0988, 0.0816, 0.3760, 0.4189, 0.0709, 0.4189, 0.0000, 0.0000, 0.4254, 0.3416, 0.1139, 0.0902, 0.1375, 0.1719, 0.0000, 0.0000, 0.0000, 0.0902, 0.3824, 0.3631, 0.0687, 0.6402, 0.4125, 0.0000, 0.0000, 0.5586, 0.1547, 0.2127, 0.2621, 0.1633, 0.0945, 0.2191, 0.0000, 0.0000, 0.7262, 0.7047, 0.1354, 0.7369, 0.7047, 0.1439, 0.0000, 0.0000, 0.1268, 0.1160, 0.1654, 0.3158, 0.1482, 0.2234, 0.3137, 0.0000, 0.0000, 0.4104, 0.1160, 0.4920, 0.6746, 0.2965, 0.6488, 0.0000, 0.0000, 0.3330, 0.3975, 0.1547, 0.0967, 0.1826, 0.0881, 0.0967, 0.0000, 0.0000, 0.0773, 0.7348, 0.7090, 0.1611, 0.7305, 0.6832, 0.0000, 0.0000, 0.3094, 0.2277, 0.1547, 0.1826, 0.1117, 0.0945, 0.3266, 0.0000, 0.0000, 0.4855, 0.4941, 0.1289, 0.4748, 0.4834, 0.1225, 0.0000, 0.0000, 0.1633, 0.0602, 0.1225, 0.0709, 0.0602, 0.2578, 0.3330, 0.0000, 0.0000, 0.3309, 0.0666, 0.3760, 0.3631, 0.0623, 0.0516, 0.0000, 0.0000, 0.0580, 0.1697, 0.0881, 0.0924, 0.7305, 0.7111, 0.1289, 0.0000, 0.0000, 0.1332, 0.7391, 0.6961, 0.1611, 0.1311, 0.1568, 0.0000, 0.0000,","0.0000, 0.0988, 0.0838, 0.3738, 0.4211, 0.0730, 0.4232, 0.0000, 0.0000, 0.4447, 0.3373, 0.1182, 0.0924, 0.1375, 0.1719, 0.0000, 0.0000, 0.0000, 0.0902, 0.3867, 0.3631, 0.0687, 0.7047, 0.4232, 0.0000, 0.0000, 0.5650, 0.1568, 0.2127, 0.2664, 0.1654, 0.0945, 0.2148, 0.0000, 0.0000, 0.7262, 0.7176, 0.1396, 0.7348, 0.6896, 0.1439, 0.0000, 0.0000, 0.1268, 0.1139, 0.1676, 0.3201, 0.1418, 0.2234, 0.3094, 0.0000, 0.0000, 0.4125, 0.1160, 0.4984, 0.6725, 0.2986, 0.6188, 0.0000, 0.0000, 0.3330, 0.3953, 0.1547, 0.0945, 0.1783, 0.0881, 0.0924, 0.0000, 0.0000, 0.0773, 0.7369, 0.6982, 0.1568, 0.7326, 0.6961, 0.0000, 0.0000, 0.3223, 0.2342, 0.1633, 0.1848, 0.1117, 0.0945, 0.3266, 0.0000, 0.0000, 0.4941, 0.4898, 0.1332, 0.4770, 0.4898, 0.1203, 0.0000, 0.0000, 0.1676, 0.0602, 0.1203, 0.0687, 0.0580, 0.2535, 0.3266, 0.0000, 0.0000, 0.3416, 0.0666, 0.3566, 0.3459, 0.0559, 0.0473, 0.0000, 0.0000, 0.0559, 0.1697, 0.0881, 0.0924, 0.7262, 0.7068, 0.1354, 0.0000, 0.0000, 0.1311, 0.7412, 0.6832, 0.1547, 0.1289, 0.1547, 0.0000, 0.0000, 0.0000, 0.0988, 0.0838, 0.3652, 0.4125, 0.0709, 0.4211, 0.0000, 0.0000, 0.4340, 0.3395, 0.1117, 0.0902, 0.1375, 0.1697, 0.0000, 0.0000, 0.0000, 0.0881, 0.3760, 0.3566, 0.0666, 0.6875, 0.4125, 0.0000, 0.0000, 0.5500, 0.1568, 0.2127, 0.2664, 0.1654, 0.0945, 0.2191, 0.0000, 0.0000, 0.7219, 0.7133, 0.1418, 0.7391, 0.6939, 0.1418, 0.0000, 0.0000, 0.1268, 0.1160, 0.1654, 0.3180, 0.1482, 0.2234, 0.3094, 0.0000, 0.0000, 0.4039, 0.1160, 0.4941, 0.6746, 0.2965, 0.6424, 0.0000, 0.0000, 0.3352, 0.3953, 0.1525, 0.0924, 0.1826, 0.0902, 0.0945, 0.0000, 0.0000, 0.0795, 0.7391, 0.7047, 0.1611, 0.7283, 0.6918, 0.0000, 0.0000, 0.3201, 0.2363, 0.1590, 0.1826, 0.1117, 0.0945, 0.3266, 0.0000, 0.0000, 0.4941, 0.4855, 0.1311, 0.4727, 0.4855, 0.1182, 0.0000, 0.0000, 0.1654, 0.0580, 0.1203, 0.0666, 0.0559, 0.2557, 0.3330, 0.0000, 0.0000, 0.3416, 0.0666, 0.3523, 0.3502, 0.0602, 0.0494, 0.0000, 0.0000, 0.0559, 0.1697, 0.0902, 0.0945, 0.7305, 0.7047, 0.1354, 0.0000, 0.0000, 0.1332, 0.7412, 0.6875, 0.1654, 0.1311, 0.1590, 0.0000, 0.0000,","[-0.016333587818025824,-0.48875384037006825,0.20737120216197766,0.2678174598440486,-1.0531836913391899,0.7306440874448239]","[-0.016344371110058,-0.4887612985855886,0.20737047485290086,0.26778533575792446,-1.0532781819130976,0.7306459632592309]"
"0.0000, 0.1053, 0.0881, 0.3867, 0.4254, 0.0752, 0.4061, 0.0000, 0.0000, 0.4855, 0.3846, 0.1010, 0.0967, 0.1547, 0.1697, 0.0000, 0.0000, 0.0000, 0.0924, 0.4189, 0.3910, 0.0709, 0.7111, 0.4146, 0.0000, 0.0000, 0.4641, 0.1568, 0.2191, 0.3094, 0.1719, 0.1010, 0.2277, 0.0000, 0.0000, 0.7240, 0.7133, 0.1482, 0.7369, 0.6961, 0.1439, 0.0000, 0.0000, 0.1268, 0.1117, 0.1891, 0.3115, 0.1461, 0.2277, 0.3051, 0.0000, 0.0000, 0.4361, 0.1139, 0.5006, 0.6789, 0.2986, 0.5479, 0.0000, 0.0000, 0.3352, 0.4146, 0.1590, 0.0945, 0.2041, 0.0902, 0.0945, 0.0000, 0.0000, 0.0795, 0.7412, 0.7004, 0.1568, 0.7305, 0.6939, 0.0000, 0.0000, 0.3566, 0.2320, 0.1740, 0.1934, 0.1117, 0.0945, 0.3631, 0.0000, 0.0000, 0.4963, 0.5006, 0.1311, 0.4834, 0.5070, 0.1225, 0.0000, 0.0000, 0.1676, 0.0645, 0.1289, 0.0687, 0.0559, 0.2771, 0.3459, 0.0000, 0.0000, 0.3437, 0.0687, 0.3437, 0.3330, 0.0537, 0.0537, 0.0000, 0.0000, 0.0623, 0.1848, 0.0881, 0.0945, 0.7262, 0.7025, 0.1396, 0.0000, 0.0000, 0.1203, 0.7434, 0.6854, 0.1525, 0.1225, 0.1697, 0.0000, 0.0000, 0.0000, 0.1053, 0.0881, 0.3824, 0.4232, 0.0752, 0.4018, 0.0000, 0.0000, 0.4791, 0.3781, 0.1031, 0.0967, 0.1525, 0.1676, 0.0000, 0.0000, 0.0000, 0.0924, 0.4146, 0.3889, 0.0709, 0.6961, 0.4146, 0.0000, 0.0000, 0.4469, 0.1568, 0.2191, 0.3094, 0.1676, 0.0988, 0.2277, 0.0000, 0.0000, 0.7262, 0.7090, 0.1418, 0.7391, 0.6982, 0.1482, 0.0000, 0.0000, 0.1268, 0.1117, 0.1826, 0.3051, 0.1547, 0.2277, 0.3051, 0.0000, 0.0000, 0.4340, 0.1160, 0.4984, 0.6789, 0.2965, 0.5672, 0.0000, 0.0000, 0.3330, 0.4146, 0.1590, 0.0945, 0.1977, 0.0902, 0.0945, 0.0000, 0.0000, 0.0795, 0.7391, 0.7025, 0.1611, 0.7262, 0.6918, 0.0000, 0.0000, 0.3502, 0.2320, 0.1697, 0.1912, 0.1117, 0.0945, 0.3609, 0.0000, 0.0000, 0.4941, 0.5006, 0.1311, 0.4813, 0.5070, 0.1225, 0.0000, 0.0000, 0.1676, 0.0645, 0.1289, 0.0687, 0.0559, 0.2793, 0.3523, 0.0000, 0.0000, 0.3309, 0.0687, 0.3437, 0.3330, 0.0602, 0.0537, 0.0000, 0.0000, 0.0602, 0.1826, 0.0881, 0.0945, 0.7283, 0.7025, 0.1396, 0.0000, 0.0000, 0.1203, 0.7412, 0.6896, 0.1590, 0.1225, 0.1762, 0.0000, 0.0000,","0.0000, 0.1074, 0.0881, 0.3867, 0.4189, 0.0752, 0.3953, 0.0000, 0.0000, 0.4834, 0.3867, 0.1053, 0.0967, 0.1547, 0.1783, 0.0000, 0.0000, 0.0000, 0.0902, 0.4232, 0.3953, 0.0709, 0.6316, 0.4146, 0.0000, 0.0000, 0.4576, 0.1590, 0.2234, 0.3072, 0.1805, 0.1010, 0.2406, 0.0000, 0.0000, 0.7305, 0.7090, 0.1396, 0.7326, 0.7090, 0.1504, 0.0000, 0.0000, 0.1268, 0.1117, 0.2213, 0.3588, 0.1719, 0.2320, 0.3029, 0.0000, 0.0000, 0.4426, 0.1139, 0.4855, 0.6768, 0.2943, 0.5371, 0.0000, 0.0000, 0.3309, 0.4104, 0.1654, 0.0988, 0.2105, 0.0924, 0.0945, 0.0000, 0.0000, 0.0816, 0.7305, 0.7068, 0.1525, 0.7348, 0.6854, 0.0000, 0.0000, 0.3738, 0.2686, 0.1955, 0.1977, 0.1117, 0.0945, 0.3609, 0.0000, 0.0000, 0.4705, 0.5006, 0.1225, 0.4770, 0.5027, 0.1225, 0.0000, 0.0000, 0.1783, 0.0645, 0.1311, 0.0645, 0.0559, 0.2922, 0.3588, 0.0000, 0.0000, 0.3416, 0.0623, 0.3760, 0.3717, 0.0666, 0.0516, 0.0000, 0.0000, 0.0580, 0.1891, 0.0881, 0.0924, 0.7326, 0.7111, 0.1418, 0.0000, 0.0000, 0.1203, 0.7348, 0.6875, 0.1590, 0.1246, 0.1955, 0.0000, 0.0000, 0.0000, 0.1031, 0.0838, 0.3824, 0.4146, 0.0773, 0.3932, 0.0000, 0.0000, 0.4813, 0.3846, 0.1053, 0.0945, 0.1547, 0.1783, 0.0000, 0.0000, 0.0000, 0.0924, 0.4146, 0.3846, 0.0709, 0.6188, 0.4146, 0.0000, 0.0000, 0.4447, 0.1590, 0.2234, 0.3072, 0.1805, 0.1010, 0.2406, 0.0000, 0.0000, 0.7326, 0.7133, 0.1461, 0.7283, 0.7047, 0.1482, 0.0000, 0.0000, 0.1268, 0.1117, 0.2148, 0.3523, 0.1719, 0.2320, 0.3029, 0.0000, 0.0000, 0.4361, 0.1160, 0.4855, 0.6746, 0.2965, 0.5479, 0.0000, 0.0000, 0.3287, 0.4104, 0.1654, 0.0967, 0.2063, 0.0924, 0.0945, 0.0000, 0.0000, 0.0816, 0.7283, 0.7025, 0.1525, 0.7391, 0.6918, 0.0000, 0.0000, 0.3738, 0.2664, 0.1869, 0.1998, 0.1096, 0.0945, 0.3588, 0.0000, 0.0000, 0.4705, 0.4984, 0.1203, 0.4770, 0.5027, 0.1225, 0.0000, 0.0000, 0.1783, 0.0623, 0.1311, 0.0645, 0.0559, 0.2943, 0.3695, 0.0000, 0.0000, 0.3373, 0.0666, 0.3781, 0.3846, 0.0602, 0.0494, 0.0000, 0.0000, 0.0559, 0.1869, 0.0859, 0.0924, 0.7305, 0.7154, 0.1439, 0.0000, 0.0000, 0.1182, 0.7305, 0.6854, 0.1568, 0.1246, 0.1998, 0.0000, 0.0000,","[-0.0019057755074542576,-0.48264918065862894,0.19854772480821337,0.08902326882075484,-1.079860813817833,0.42893746435881525]","[-0.0019451547850529022,-0.48264540922604166,0.1985549033664769,0.08897240358502156,-1.079930263267911,0.4289420438711451]"
"0.0000, 0.1053, 0.0859, 0.3717, 0.4125, 0.0709, 0.3996, 0.0000, 0.0000, 0.4855, 0.3975, 0.0988, 0.0967, 0.1504, 0.1590, 0.0000, 0.0000, 0.0000, 0.0881, 0.4146, 0.3846, 0.0666, 0.6660, 0.4082, 0.0000, 0.0000, 0.4426, 0.1590, 0.2213, 0.3137, 0.1611, 0.1031, 0.2213, 0.0000, 0.0000, 0.7305, 0.7068, 0.1375, 0.7326, 0.7025, 0.1547, 0.0000, 0.0000, 0.1268, 0.1117, 0.1654, 0.2857, 0.1504, 0.2277, 0.3244, 0.0000, 0.0000, 0.4340, 0.1182, 0.4920, 0.6768, 0.2922, 0.5156, 0.0000, 0.0000, 0.3244, 0.4082, 0.1547, 0.0988, 0.1955, 0.0902, 0.0945, 0.0000, 0.0000, 0.0773, 0.7326, 0.7047, 0.1547, 0.7369, 0.6875, 0.0000, 0.0000, 0.3158, 0.2148, 0.1697, 0.1891, 0.1160, 0.0988, 0.3588, 0.0000, 0.0000, 0.5006, 0.5113, 0.1268, 0.4770, 0.5070, 0.1268, 0.0000, 0.0000, 0.1633, 0.0645, 0.1203, 0.0687, 0.0580, 0.2492, 0.3223, 0.0000, 0.0000, 0.3008, 0.0602, 0.2879, 0.2771, 0.0451, 0.0559, 0.0000, 0.0000, 0.0645, 0.1805, 0.0881, 0.0945, 0.7305, 0.7154, 0.1482, 0.0000, 0.0000, 0.1203, 0.7326, 0.6854, 0.1547, 0.1225, 0.1525, 0.0000, 0.0000, 0.0000, 0.1031, 0.0838, 0.3717, 0.4104, 0.0752, 0.3953, 0.0000, 0.0000, 0.4770, 0.3996, 0.0967, 0.0945, 0.1482, 0.1590, 0.0000, 0.0000, 0.0000, 0.0902, 0.4146, 0.3803, 0.0666, 0.6639, 0.4039, 0.0000, 0.0000, 0.4297, 0.1590, 0.2213, 0.3137, 0.1611, 0.1010, 0.2256, 0.0000, 0.0000, 0.7305, 0.7154, 0.1525, 0.7283, 0.6961, 0.1504, 0.0000, 0.0000, 0.1268, 0.1117, 0.1633, 0.2836, 0.1504, 0.2277, 0.3244, 0.0000, 0.0000, 0.4361, 0.1182, 0.4898, 0.6768, 0.2965, 0.5285, 0.0000, 0.0000, 0.3223, 0.4082, 0.1525, 0.0967, 0.1934, 0.0902, 0.0967, 0.0000, 0.0000, 0.0752, 0.7326, 0.6961, 0.1525, 0.7369, 0.6939, 0.0000, 0.0000, 0.3244, 0.2105, 0.1654, 0.1869, 0.1139, 0.0988, 0.3545, 0.0000, 0.0000, 0.5027, 0.5070, 0.1268, 0.4791, 0.5070, 0.1289, 0.0000, 0.0000, 0.1633, 0.0645, 0.1203, 0.0687, 0.0559, 0.2428, 0.3266, 0.0000, 0.0000, 0.3008, 0.0602, 0.2836, 0.2793, 0.0494, 0.0559, 0.0000, 0.0000, 0.0623, 0.1783, 0.0881, 0.0945, 0.7262, 0.7133, 0.1418, 0.0000, 0.0000, 0.1203, 0.7369, 0.6768, 0.1525, 0.1203, 0.1568, 0.0000, 0.0000,","0.0000, 0.1010, 0.0838, 0.3824, 0.4254, 0.0752, 0.3932, 0.0000, 0.0000, 0.4770, 0.3975, 0.0988, 0.0967, 0.1482, 0.1611, 0.0000, 0.0000, 0.0000, 0.0902, 0.4361, 0.3996, 0.0687, 0.6445, 0.4082, 0.0000, 0.0000, 0.4490, 0.1611, 0.2234, 0.3137, 0.1633, 0.1010, 0.2213, 0.0000, 0.0000, 0.7262, 0.7154, 0.1482, 0.7326, 0.6961, 0.1418, 0.0000, 0.0000, 0.1225, 0.1096, 0.1611, 0.2857, 0.1482, 0.2256, 0.3201, 0.0000, 0.0000, 0.4469, 0.1182, 0.4813, 0.6746, 0.2922, 0.5135, 0.0000, 0.0000, 0.3244, 0.4039, 0.1525, 0.0967, 0.1977, 0.0924, 0.0967, 0.0000, 0.0000, 0.0816, 0.7369, 0.7004, 0.1547, 0.7326, 0.6939, 0.0000, 0.0000, 0.3309, 0.2170, 0.1762, 0.1912, 0.1160, 0.0988, 0.3695, 0.0000, 0.0000, 0.4898, 0.5006, 0.1268, 0.4791, 0.5092, 0.1246, 0.0000, 0.0000, 0.1633, 0.0623, 0.1225, 0.0666, 0.0559, 0.2621, 0.3459, 0.0000, 0.0000, 0.2879, 0.0559, 0.2943, 0.2793, 0.0430, 0.0559, 0.0000, 0.0000, 0.0623, 0.1783, 0.0881, 0.0924, 0.7262, 0.7047, 0.1375, 0.0000, 0.0000, 0.1203, 0.7412, 0.6854, 0.1547, 0.1225, 0.1461, 0.0000, 0.0000, 0.0000, 0.1031, 0.0881, 0.3824, 0.4297, 0.0752, 0.3867, 0.0000, 0.0000, 0.4748, 0.4018, 0.0945, 0.0945, 0.1461, 0.1590, 0.0000, 0.0000, 0.0000, 0.0881, 0.4361, 0.4018, 0.0666, 0.6188, 0.4039, 0.0000, 0.0000, 0.4383, 0.1590, 0.2213, 0.3137, 0.1611, 0.1010, 0.2277, 0.0000, 0.0000, 0.7219, 0.7090, 0.1482, 0.7348, 0.7025, 0.1439, 0.0000, 0.0000, 0.1246, 0.1117, 0.1590, 0.2836, 0.1547, 0.2256, 0.3201, 0.0000, 0.0000, 0.4490, 0.1203, 0.4770, 0.6768, 0.2900, 0.5285, 0.0000, 0.0000, 0.3266, 0.4039, 0.1525, 0.0945, 0.1955, 0.0924, 0.0967, 0.0000, 0.0000, 0.0795, 0.7369, 0.7047, 0.1547, 0.7283, 0.6939, 0.0000, 0.0000, 0.3287, 0.2170, 0.1697, 0.1891, 0.1139, 0.0967, 0.3695, 0.0000, 0.0000, 0.4877, 0.5006, 0.1289, 0.4770, 0.5070, 0.1246, 0.0000, 0.0000, 0.1611, 0.0645, 0.1225, 0.0687, 0.0602, 0.2600, 0.3437, 0.0000, 0.0000, 0.2965, 0.0559, 0.2943, 0.2814, 0.0494, 0.0559, 0.0000, 0.0000, 0.0623, 0.1783, 0.0859, 0.0945, 0.7305, 0.7004, 0.1332, 0.0000, 0.0000, 0.1225, 0.7412, 0.6918, 0.1611, 0.1225, 0.1504, 0.0000, 0.0000,","[-0.03201751609329588,-0.4778099245661615,0.20965146408554816,-0.09457456224954269,-1.1029004037208399,0.5915990672436353]","[-0.03200649413319817,-0.4778174176114919,0.20965483840868895,-0.09456082719781764,-1.1029315708771978,0.5916655324421689]"
"0.0000, 0.0945, 0.0816, 0.4232, 0.4469, 0.0902, 0.3953, 0.0000, 0.0000, 0.4576, 0.3094, 0.1225, 0.0945, 0.1375, 0.1568, 0.0000, 0.0000, 0.0000, 0.0945, 0.4490, 0.4146, 0.0816, 0.8809, 0.5457, 0.0000, 0.0000, 0.5393, 0.1568, 0.2148, 0.2922, 0.1547, 0.0945, 0.2234, 0.0000, 0.0000, 0.7283, 0.7133, 0.1418, 0.7348, 0.6811, 0.1418, 0.0000, 0.0000, 0.1289, 0.1117, 0.1482, 0.2643, 0.1461, 0.2299, 0.3266, 0.0000, 0.0000, 0.4490, 0.1332, 0.5049, 0.6016, 0.3158, 0.6037, 0.0000, 0.0000, 0.3395, 0.4232, 0.1547, 0.1010, 0.1955, 0.0924, 0.1010, 0.0000, 0.0000, 0.1053, 0.7391, 0.6811, 0.1611, 0.7348, 0.6982, 0.0000, 0.0000, 0.3115, 0.1998, 0.1740, 0.1826, 0.1074, 0.0945, 0.3824, 0.0000, 0.0000, 0.4297, 0.4684, 0.1461, 0.5027, 0.5199, 0.1289, 0.0000, 0.0000, 0.1525, 0.0623, 0.1268, 0.0709, 0.0623, 0.2879, 0.3373, 0.0000, 0.0000, 0.3094, 0.0795, 0.2686, 0.2729, 0.0516, 0.0559, 0.0000, 0.0000, 0.0645, 0.1805, 0.0902, 0.0967, 0.7240, 0.7025, 0.1354, 0.0000, 0.0000, 0.1354, 0.7391, 0.6789, 0.1525, 0.1246, 0.1396, 0.0000, 0.0000, 0.0000, 0.0967, 0.0838, 0.4232, 0.4447, 0.0881, 0.3975, 0.0000, 0.0000, 0.4490, 0.3072, 0.1160, 0.0924, 0.1375, 0.1547, 0.0000, 0.0000, 0.0000, 0.0902, 0.4361, 0.3975, 0.0838, 0.8637, 0.5307, 0.0000, 0.0000, 0.5350, 0.1590, 0.2148, 0.2922, 0.1547, 0.0945, 0.2256, 0.0000, 0.0000, 0.7283, 0.7133, 0.1354, 0.7369, 0.6832, 0.1418, 0.0000, 0.0000, 0.1268, 0.1117, 0.1418, 0.2621, 0.1504, 0.2299, 0.3244, 0.0000, 0.0000, 0.4404, 0.1332, 0.5092, 0.6188, 0.3137, 0.6209, 0.0000, 0.0000, 0.3437, 0.4232, 0.1525, 0.0988, 0.1934, 0.0902, 0.1010, 0.0000, 0.0000, 0.0988, 0.7412, 0.6875, 0.1590, 0.7305, 0.6918, 0.0000, 0.0000, 0.3137, 0.1998, 0.1697, 0.1826, 0.1074, 0.0967, 0.3824, 0.0000, 0.0000, 0.4318, 0.4727, 0.1461, 0.4984, 0.5285, 0.1225, 0.0000, 0.0000, 0.1504, 0.0602, 0.1246, 0.0687, 0.0580, 0.2879, 0.3437, 0.0000, 0.0000, 0.3115, 0.0838, 0.2729, 0.2793, 0.0559, 0.0602, 0.0000, 0.0000, 0.0666, 0.1805, 0.0902, 0.0988, 0.7283, 0.7004, 0.1289, 0.0000, 0.0000, 0.1311, 0.7412, 0.6832, 0.1525, 0.1225, 0.1439, 0.0000, 0.0000,","0.0000, 0.0623, 0.0279, 0.0623, 0.0945, 0.0344, 0.0838, 0.0000, 0.0000, 0.3330, 0.2900, 0.0516, 0.0795, 0.1418, 0.0988, 0.0000, 0.0000, 0.0000, 0.0687, 0.4641, 0.4211, 0.0602, 0.1225, 0.4318, 0.0000, 0.0000, 0.4275, 0.1504, 0.2041, 0.2299, 0.1439, 0.0988, 0.2127, 0.0000, 0.0000, 0.7283, 0.7176, 0.1396, 0.1246, 0.1160, 0.1354, 0.0000, 0.0000, 0.1074, 0.1010, 0.1332, 0.2707, 0.1396, 0.2299, 0.3244, 0.0000, 0.0000, 0.4641, 0.1396, 0.2836, 0.4855, 0.3029, 0.6123, 0.0000, 0.0000, 0.3437, 0.4211, 0.1525, 0.0988, 0.1934, 0.0924, 0.1010, 0.0000, 0.0000, 0.1182, 0.1482, 0.0859, 0.1611, 0.7348, 0.6875, 0.0000, 0.0000, 0.2965, 0.2041, 0.1633, 0.1826, 0.1096, 0.0988, 0.3760, 0.0000, 0.0000, 0.2750, 0.2127, 0.1268, 0.4920, 0.5092, 0.1203, 0.0000, 0.0000, 0.1525, 0.0602, 0.1375, 0.0773, 0.0645, 0.3158, 0.4104, 0.0000, 0.0000, 0.1182, 0.0623, 0.4469, 0.4232, 0.0516, 0.0666, 0.0000, 0.0000, 0.0730, 0.2105, 0.1096, 0.0516, 0.1031, 0.1074, 0.0859, 0.0000, 0.0000, 0.0666, 0.0881, 0.0537, 0.0365, 0.0988, 0.2600, 0.0000, 0.0000, 0.0000, 0.0645, 0.0387, 0.0623, 0.0902, 0.0430, 0.0859, 0.0000, 0.0000, 0.3395, 0.2857, 0.0473, 0.0773, 0.1396, 0.0945, 0.0000, 0.0000, 0.0000, 0.0623, 0.4727, 0.4254, 0.0623, 0.1225, 0.4340, 0.0000, 0.0000, 0.4146, 0.1525, 0.2041, 0.2320, 0.1439, 0.1010, 0.2127, 0.0000, 0.0000, 0.7283, 0.7176, 0.1375, 0.1246, 0.1203, 0.1332, 0.0000, 0.0000, 0.1074, 0.0988, 0.1311, 0.2664, 0.1439, 0.2299, 0.3244, 0.0000, 0.0000, 0.4705, 0.1418, 0.2836, 0.4877, 0.3051, 0.6230, 0.0000, 0.0000, 0.3437, 0.4211, 0.1525, 0.0988, 0.1912, 0.0902, 0.0967, 0.0000, 0.0000, 0.1182, 0.1482, 0.0859, 0.1590, 0.7326, 0.6896, 0.0000, 0.0000, 0.3008, 0.2020, 0.1547, 0.1848, 0.1096, 0.0967, 0.3760, 0.0000, 0.0000, 0.2750, 0.2127, 0.1268, 0.4920, 0.5113, 0.1225, 0.0000, 0.0000, 0.1525, 0.0623, 0.1375, 0.0795, 0.0687, 0.3115, 0.4104, 0.0000, 0.0000, 0.1160, 0.0602, 0.4426, 0.4125, 0.0430, 0.0623, 0.0000, 0.0000, 0.0709, 0.2084, 0.1096, 0.0494, 0.1053, 0.1117, 0.0881, 0.0000, 0.0000, 0.0709, 0.0881, 0.0645, 0.0408, 0.0988, 0.2600, 0.0000, 0.0000,","[-0.039427310902245286,-0.49802518590341543,0.17252874479024138,0.12583452781894203,-2.1203660968522686,0.9723495036333173]","[-0.03938314113146279,-0.4980252610065432,0.1725141696880819,0.12602356503229667,-2.120397224280216,0.9723230977883036]"
"0.0000, 0.1010, 0.0881, 0.3480, 0.3846, 0.0795, 0.4146, 0.0000, 0.0000, 0.4770, 0.3609, 0.1053, 0.0967, 0.1461, 0.1590, 0.0000, 0.0000, 0.0000, 0.0924, 0.3717, 0.3459, 0.0773, 0.7820, 0.4469, 0.0000, 0.0000, 0.4576, 0.1590, 0.2234, 0.3180, 0.1633, 0.1010, 0.2234, 0.0000, 0.0000, 0.7262, 0.7133, 0.1246, 0.7326, 0.6918, 0.1504, 0.0000, 0.0000, 0.1289, 0.1117, 0.1568, 0.2771, 0.1547, 0.2342, 0.3287, 0.0000, 0.0000, 0.3889, 0.1311, 0.5221, 0.6424, 0.3137, 0.5393, 0.0000, 0.0000, 0.3480, 0.4340, 0.1611, 0.1031, 0.1912, 0.0902, 0.1010, 0.0000, 0.0000, 0.0924, 0.7326, 0.6939, 0.1654, 0.7369, 0.6896, 0.0000, 0.0000, 0.3029, 0.2063, 0.1676, 0.1869, 0.1096, 0.0988, 0.3309, 0.0000, 0.0000, 0.4770, 0.5070, 0.1311, 0.4834, 0.5135, 0.1268, 0.0000, 0.0000, 0.1568, 0.0645, 0.1268, 0.0709, 0.0623, 0.2299, 0.3051, 0.0000, 0.0000, 0.3395, 0.0687, 0.2922, 0.2986, 0.0516, 0.0602, 0.0000, 0.0000, 0.0687, 0.1826, 0.0881, 0.1010, 0.7283, 0.7154, 0.1311, 0.0000, 0.0000, 0.1268, 0.7348, 0.6811, 0.1504, 0.1225, 0.1461, 0.0000, 0.0000, 0.0000, 0.1010, 0.0881, 0.3502, 0.3846, 0.0773, 0.4061, 0.0000, 0.0000, 0.4770, 0.3695, 0.1053, 0.0945, 0.1439, 0.1590, 0.0000, 0.0000, 0.0000, 0.0924, 0.3674, 0.3416, 0.0773, 0.7541, 0.4318, 0.0000, 0.0000, 0.4469, 0.1611, 0.2213, 0.3158, 0.1611, 0.1010, 0.2277, 0.0000, 0.0000, 0.7262, 0.7176, 0.1289, 0.7326, 0.6854, 0.1439, 0.0000, 0.0000, 0.1268, 0.1117, 0.1525, 0.2729, 0.1547, 0.2320, 0.3287, 0.0000, 0.0000, 0.3932, 0.1289, 0.5221, 0.6553, 0.3158, 0.5586, 0.0000, 0.0000, 0.3480, 0.4318, 0.1590, 0.1031, 0.1912, 0.0902, 0.1010, 0.0000, 0.0000, 0.0924, 0.7369, 0.6875, 0.1633, 0.7348, 0.6961, 0.0000, 0.0000, 0.3094, 0.2041, 0.1611, 0.1869, 0.1096, 0.0988, 0.3287, 0.0000, 0.0000, 0.4813, 0.5049, 0.1332, 0.4877, 0.5156, 0.1268, 0.0000, 0.0000, 0.1547, 0.0645, 0.1268, 0.0730, 0.0623, 0.2299, 0.3051, 0.0000, 0.0000, 0.3502, 0.0687, 0.3094, 0.2986, 0.0537, 0.0580, 0.0000, 0.0000, 0.0666, 0.1826, 0.0902, 0.1010, 0.7240, 0.7133, 0.1289, 0.0000, 0.0000, 0.1289, 0.7391, 0.6789, 0.1525, 0.1225, 0.1504, 0.0000, 0.0000,","0.0000, 0.1010, 0.0902, 0.3416, 0.3846, 0.0709, 0.4125, 0.0000, 0.0000, 0.4984, 0.3867, 0.1031, 0.0988, 0.1504, 0.1590, 0.0000, 0.0000, 0.0000, 0.0924, 0.3695, 0.3459, 0.0752, 0.8229, 0.4512, 0.0000, 0.0000, 0.4490, 0.1633, 0.2256, 0.3201, 0.1611, 0.1031, 0.2170, 0.0000, 0.0000, 0.7240, 0.7197, 0.1268, 0.7369, 0.6811, 0.1439, 0.0000, 0.0000, 0.1268, 0.1096, 0.1525, 0.2750, 0.1461, 0.2320, 0.3309, 0.0000, 0.0000, 0.3932, 0.1289, 0.5199, 0.6316, 0.3201, 0.5264, 0.0000, 0.0000, 0.3502, 0.4361, 0.1611, 0.1031, 0.1869, 0.0881, 0.1031, 0.0000, 0.0000, 0.0924, 0.7412, 0.6896, 0.1633, 0.7326, 0.6961, 0.0000, 0.0000, 0.3094, 0.2041, 0.1633, 0.1848, 0.1117, 0.1010, 0.3309, 0.0000, 0.0000, 0.4920, 0.4984, 0.1375, 0.4855, 0.5199, 0.1246, 0.0000, 0.0000, 0.1590, 0.0666, 0.1268, 0.0709, 0.0602, 0.2191, 0.2986, 0.0000, 0.0000, 0.3480, 0.0623, 0.2836, 0.2836, 0.0430, 0.0580, 0.0000, 0.0000, 0.0666, 0.1762, 0.0881, 0.0988, 0.7219, 0.7090, 0.1311, 0.0000, 0.0000, 0.1289, 0.7391, 0.6811, 0.1525, 0.1225, 0.1439, 0.0000, 0.0000, 0.0000, 0.1031, 0.0902, 0.3437, 0.3846, 0.0730, 0.4146, 0.0000, 0.0000, 0.4834, 0.3910, 0.1010, 0.0967, 0.1504, 0.1590, 0.0000, 0.0000, 0.0000, 0.0902, 0.3674, 0.3395, 0.0752, 0.8100, 0.4426, 0.0000, 0.0000, 0.4383, 0.1633, 0.2256, 0.3201, 0.1568, 0.1031, 0.2213, 0.0000, 0.0000, 0.7240, 0.7154, 0.1289, 0.7391, 0.6832, 0.1439, 0.0000, 0.0000, 0.1246, 0.1096, 0.1482, 0.2729, 0.1461, 0.2320, 0.3287, 0.0000, 0.0000, 0.3932, 0.1289, 0.5221, 0.6359, 0.3180, 0.5457, 0.0000, 0.0000, 0.3502, 0.4361, 0.1590, 0.1031, 0.1848, 0.0902, 0.1031, 0.0000, 0.0000, 0.0881, 0.7434, 0.6918, 0.1654, 0.7305, 0.6961, 0.0000, 0.0000, 0.3094, 0.2041, 0.1590, 0.1848, 0.1117, 0.1010, 0.3309, 0.0000, 0.0000, 0.4834, 0.4920, 0.1418, 0.4855, 0.5221, 0.1268, 0.0000, 0.0000, 0.1590, 0.0666, 0.1246, 0.0709, 0.0623, 0.2213, 0.2986, 0.0000, 0.0000, 0.3674, 0.0666, 0.2922, 0.2771, 0.0387, 0.0559, 0.0000, 0.0000, 0.0666, 0.1740, 0.0881, 0.1010, 0.7240, 0.7068, 0.1289, 0.0000, 0.0000, 0.1289, 0.7412, 0.6854, 0.1568, 0.1246, 0.1504, 0.0000, 0.0000,","[-0.023719286106802122,-0.5050966360962228,0.18884585134872423,0.23759592695330126,-2.0895890258536065,0.8466422049700628]","[-0.023680878682084072,-0.5050939373261162,0.18884345923282203,0.23766932662285845,-2.089688166864154,0.8467232631610635]"
"0.0000, 0.1053, 0.0881, 0.3437, 0.3889, 0.0752, 0.4125, 0.0000, 0.0000, 0.4941, 0.4039, 0.1010, 0.1010, 0.1568, 0.1568, 0.0000, 0.0000, 0.0000, 0.0881, 0.3717, 0.3480, 0.0752, 0.7971, 0.4297, 0.0000, 0.0000, 0.4189, 0.1633, 0.2299, 0.3309, 0.1590, 0.1010, 0.2148, 0.0000, 0.0000, 0.7283, 0.7197, 0.1289, 0.7326, 0.6896, 0.1439, 0.0000, 0.0000, 0.1268, 0.1096, 0.1482, 0.2643, 0.1354, 0.2277, 0.3180, 0.0000, 0.0000, 0.3975, 0.1246, 0.5135, 0.6488, 0.3180, 0.5221, 0.0000, 0.0000, 0.3459, 0.4383, 0.1568, 0.1010, 0.1869, 0.0924, 0.1010, 0.0000, 0.0000, 0.0924, 0.7348, 0.6746, 0.1611, 0.7369, 0.6832, 0.0000, 0.0000, 0.2900, 0.1934, 0.1547, 0.1848, 0.1096, 0.0967, 0.3330, 0.0000, 0.0000, 0.4877, 0.4963, 0.1332, 0.4791, 0.5070, 0.1268, 0.0000, 0.0000, 0.1547, 0.0666, 0.1203, 0.0730, 0.0623, 0.1955, 0.2857, 0.0000, 0.0000, 0.2986, 0.0516, 0.2535, 0.2406, 0.0344, 0.0537, 0.0000, 0.0000, 0.0666, 0.1762, 0.0859, 0.0988, 0.7240, 0.7111, 0.1332, 0.0000, 0.0000, 0.1246, 0.7369, 0.6768, 0.1547, 0.1225, 0.1418, 0.0000, 0.0000, 0.0000, 0.1031, 0.0859, 0.3459, 0.3846, 0.0795, 0.4104, 0.0000, 0.0000, 0.4877, 0.4018, 0.1031, 0.1031, 0.1568, 0.1568, 0.0000, 0.0000, 0.0000, 0.0902, 0.3717, 0.3480, 0.0730, 0.7863, 0.4211, 0.0000, 0.0000, 0.4061, 0.1611, 0.2277, 0.3287, 0.1568, 0.1010, 0.2148, 0.0000, 0.0000, 0.7240, 0.7176, 0.1311, 0.7348, 0.6789, 0.1439, 0.0000, 0.0000, 0.1246, 0.1096, 0.1461, 0.2664, 0.1418, 0.2277, 0.3180, 0.0000, 0.0000, 0.3975, 0.1246, 0.5135, 0.6467, 0.3158, 0.5371, 0.0000, 0.0000, 0.3459, 0.4361, 0.1547, 0.0967, 0.1805, 0.0881, 0.0967, 0.0000, 0.0000, 0.0902, 0.7391, 0.6875, 0.1676, 0.7326, 0.7004, 0.0000, 0.0000, 0.3094, 0.1998, 0.1590, 0.1869, 0.1139, 0.1010, 0.3287, 0.0000, 0.0000, 0.4920, 0.5006, 0.1375, 0.4834, 0.5199, 0.1268, 0.0000, 0.0000, 0.1568, 0.0666, 0.1268, 0.0730, 0.0602, 0.2148, 0.3072, 0.0000, 0.0000, 0.3373, 0.0580, 0.2771, 0.2793, 0.0387, 0.0580, 0.0000, 0.0000, 0.0666, 0.1783, 0.0881, 0.0967, 0.7240, 0.7133, 0.1311, 0.0000, 0.0000, 0.1268, 0.7369, 0.6746, 0.1525, 0.1225, 0.1482, 0.0000, 0.0000,","0.0000, 0.1031, 0.0859, 0.3803, 0.4168, 0.0752, 0.4104, 0.0000, 0.0000, 0.4984, 0.4232, 0.1031, 0.1031, 0.1590, 0.1611, 0.0000, 0.0000, 0.0000, 0.0902, 0.4211, 0.3953, 0.0730, 0.7906, 0.4189, 0.0000, 0.0000, 0.4189, 0.1633, 0.2342, 0.3287, 0.1590, 0.1010, 0.2105, 0.0000, 0.0000, 0.7305, 0.7176, 0.1418, 0.7283, 0.6918, 0.1504, 0.0000, 0.0000, 0.1289, 0.1117, 0.1525, 0.2771, 0.1375, 0.2234, 0.3201, 0.0000, 0.0000, 0.4340, 0.1246, 0.5092, 0.6682, 0.3115, 0.5156, 0.0000, 0.0000, 0.3459, 0.4318, 0.1568, 0.0967, 0.1826, 0.0902, 0.1010, 0.0000, 0.0000, 0.0881, 0.7326, 0.6918, 0.1590, 0.7369, 0.6939, 0.0000, 0.0000, 0.3137, 0.2063, 0.1611, 0.1805, 0.1117, 0.0988, 0.3502, 0.0000, 0.0000, 0.4898, 0.5113, 0.1289, 0.4791, 0.5070, 0.1268, 0.0000, 0.0000, 0.1590, 0.0666, 0.1203, 0.0709, 0.0602, 0.2428, 0.3223, 0.0000, 0.0000, 0.3180, 0.0645, 0.2664, 0.2729, 0.0408, 0.0559, 0.0000, 0.0000, 0.0623, 0.1697, 0.0859, 0.0988, 0.7283, 0.7133, 0.1439, 0.0000, 0.0000, 0.1246, 0.7348, 0.6789, 0.1504, 0.1225, 0.1418, 0.0000, 0.0000, 0.0000, 0.1031, 0.0881, 0.3824, 0.4146, 0.0730, 0.4104, 0.0000, 0.0000, 0.4963, 0.4189, 0.1010, 0.1010, 0.1590, 0.1611, 0.0000, 0.0000, 0.0000, 0.0902, 0.4146, 0.3867, 0.0730, 0.8121, 0.4189, 0.0000, 0.0000, 0.4039, 0.1633, 0.2342, 0.3309, 0.1568, 0.1010, 0.2148, 0.0000, 0.0000, 0.7305, 0.7176, 0.1418, 0.7326, 0.6875, 0.1461, 0.0000, 0.0000, 0.1246, 0.1117, 0.1482, 0.2707, 0.1418, 0.2234, 0.3201, 0.0000, 0.0000, 0.4318, 0.1246, 0.5113, 0.6746, 0.3137, 0.5285, 0.0000, 0.0000, 0.3459, 0.4318, 0.1568, 0.0967, 0.1805, 0.0902, 0.0988, 0.0000, 0.0000, 0.0881, 0.7369, 0.6875, 0.1611, 0.7348, 0.6982, 0.0000, 0.0000, 0.3137, 0.2084, 0.1568, 0.1805, 0.1096, 0.0988, 0.3459, 0.0000, 0.0000, 0.4941, 0.5113, 0.1332, 0.4813, 0.5092, 0.1268, 0.0000, 0.0000, 0.1590, 0.0645, 0.1203, 0.0709, 0.0580, 0.2406, 0.3287, 0.0000, 0.0000, 0.3137, 0.0559, 0.2686, 0.2707, 0.0451, 0.0559, 0.0000, 0.0000, 0.0645, 0.1697, 0.0881, 0.0967, 0.7262, 0.7133, 0.1418, 0.0000, 0.0000, 0.1246, 0.7391, 0.6768, 0.1525, 0.1225, 0.1439, 0.0000, 0.0000,","[-0.024537575608273923,-0.5080813238178574,0.19705479813364676,0.38343028055774186,-1.673679091102432,0.58767720763265]","[-0.0245286885621208,-0.5080706174501132,0.19706738252524483,0.3834806107236426,-1.6736181477734653,0.5876905490032789]"
"0.0000, 0.1096, 0.0902, 0.4104, 0.4404, 0.0838, 0.4125, 0.0000, 0.0000, 0.5070, 0.3738, 0.1053, 0.0988, 0.1590, 0.1826, 0.0000, 0.0000, 0.0000, 0.0945, 0.4684, 0.4340, 0.0709, 0.8314, 0.4684, 0.0000, 0.0000, 0.4318, 0.1611, 0.2299, 0.3137, 0.1848, 0.1053, 0.2213, 0.0000, 0.0000, 0.7326, 0.7154, 0.1590, 0.7326, 0.6854, 0.1461, 0.0000, 0.0000, 0.1268, 0.1117, 0.2363, 0.3609, 0.1354, 0.2234, 0.2986, 0.0000, 0.0000, 0.4727, 0.1182, 0.4898, 0.6338, 0.3008, 0.5822, 0.0000, 0.0000, 0.3266, 0.4061, 0.1654, 0.0924, 0.1955, 0.0902, 0.0945, 0.0000, 0.0000, 0.0816, 0.7391, 0.6789, 0.1590, 0.7348, 0.6918, 0.0000, 0.0000, 0.4061, 0.2750, 0.1654, 0.1891, 0.1096, 0.0967, 0.3889, 0.0000, 0.0000, 0.4705, 0.4684, 0.1375, 0.4791, 0.5006, 0.1246, 0.0000, 0.0000, 0.1805, 0.0602, 0.1225, 0.0623, 0.0559, 0.3395, 0.3803, 0.0000, 0.0000, 0.3609, 0.1053, 0.2729, 0.3545, 0.0730, 0.0473, 0.0000, 0.0000, 0.0516, 0.1783, 0.0902, 0.0902, 0.7326, 0.7068, 0.1611, 0.0000, 0.0000, 0.1203, 0.7369, 0.6703, 0.1418, 0.1203, 0.2213, 0.0000, 0.0000, 0.0000, 0.1031, 0.0838, 0.4146, 0.4426, 0.0752, 0.4039, 0.0000, 0.0000, 0.4984, 0.3717, 0.1053, 0.0967, 0.1568, 0.1805, 0.0000, 0.0000, 0.0000, 0.0924, 0.4748, 0.4383, 0.0687, 0.8229, 0.4490, 0.0000, 0.0000, 0.4254, 0.1611, 0.2277, 0.3137, 0.1826, 0.1031, 0.2213, 0.0000, 0.0000, 0.7305, 0.7154, 0.1611, 0.7348, 0.6811, 0.1418, 0.0000, 0.0000, 0.1246, 0.1117, 0.2320, 0.3588, 0.1375, 0.2234, 0.2986, 0.0000, 0.0000, 0.4727, 0.1203, 0.4898, 0.6316, 0.3008, 0.5994, 0.0000, 0.0000, 0.3266, 0.4061, 0.1654, 0.0924, 0.1934, 0.0902, 0.0967, 0.0000, 0.0000, 0.0838, 0.7412, 0.6854, 0.1611, 0.7348, 0.6961, 0.0000, 0.0000, 0.4082, 0.2771, 0.1590, 0.1891, 0.1074, 0.0988, 0.3824, 0.0000, 0.0000, 0.4684, 0.4576, 0.1375, 0.4813, 0.5027, 0.1246, 0.0000, 0.0000, 0.1783, 0.0623, 0.1182, 0.0623, 0.0580, 0.3223, 0.3781, 0.0000, 0.0000, 0.3545, 0.1031, 0.2943, 0.3609, 0.0709, 0.0494, 0.0000, 0.0000, 0.0516, 0.1719, 0.0881, 0.0924, 0.7240, 0.6875, 0.1482, 0.0000, 0.0000, 0.1203, 0.7391, 0.6617, 0.1504, 0.1246, 0.2234, 0.0000, 0.0000,","0.0000, 0.1053, 0.0967, 0.3975, 0.4297, 0.0773, 0.4146, 0.0000, 0.0000, 0.5006, 0.3609, 0.1074, 0.0967, 0.1504, 0.1762, 0.0000, 0.0000, 0.0000, 0.0967, 0.4555, 0.4168, 0.0709, 0.8572, 0.4834, 0.0000, 0.0000, 0.4576, 0.1633, 0.2342, 0.3137, 0.1783, 0.1031, 0.2320, 0.0000, 0.0000, 0.7262, 0.7133, 0.1504, 0.7391, 0.6854, 0.1461, 0.0000, 0.0000, 0.1268, 0.1117, 0.2234, 0.3459, 0.1396, 0.2363, 0.3309, 0.0000, 0.0000, 0.4512, 0.1268, 0.5199, 0.6209, 0.3201, 0.5307, 0.0000, 0.0000, 0.3652, 0.4404, 0.1697, 0.1031, 0.1977, 0.0902, 0.1031, 0.0000, 0.0000, 0.0773, 0.7434, 0.6896, 0.1568, 0.7326, 0.6961, 0.0000, 0.0000, 0.3867, 0.2600, 0.1697, 0.1955, 0.1096, 0.1031, 0.3738, 0.0000, 0.0000, 0.4684, 0.4619, 0.1396, 0.4770, 0.5027, 0.1203, 0.0000, 0.0000, 0.1762, 0.0645, 0.1268, 0.0666, 0.0645, 0.3137, 0.3609, 0.0000, 0.0000, 0.3652, 0.1074, 0.2814, 0.3566, 0.0666, 0.0494, 0.0000, 0.0000, 0.0559, 0.1869, 0.0902, 0.1010, 0.7283, 0.6982, 0.1461, 0.0000, 0.0000, 0.1182, 0.7434, 0.6811, 0.1482, 0.1225, 0.2127, 0.0000, 0.0000, 0.0000, 0.1010, 0.0924, 0.3932, 0.4297, 0.0752, 0.4125, 0.0000, 0.0000, 0.4963, 0.3631, 0.1053, 0.0967, 0.1504, 0.1762, 0.0000, 0.0000, 0.0000, 0.0967, 0.4512, 0.4146, 0.0709, 0.8250, 0.4684, 0.0000, 0.0000, 0.4340, 0.1633, 0.2320, 0.3137, 0.1783, 0.1031, 0.2320, 0.0000, 0.0000, 0.7240, 0.7090, 0.1461, 0.7412, 0.6918, 0.1461, 0.0000, 0.0000, 0.1268, 0.1139, 0.2234, 0.3480, 0.1482, 0.2363, 0.3287, 0.0000, 0.0000, 0.4469, 0.1289, 0.5178, 0.6252, 0.3180, 0.5564, 0.0000, 0.0000, 0.3652, 0.4404, 0.1697, 0.1031, 0.2020, 0.0902, 0.1053, 0.0000, 0.0000, 0.0795, 0.7434, 0.6961, 0.1676, 0.7283, 0.6918, 0.0000, 0.0000, 0.3867, 0.2643, 0.1654, 0.1934, 0.1074, 0.1031, 0.3717, 0.0000, 0.0000, 0.4684, 0.4641, 0.1396, 0.4748, 0.5027, 0.1182, 0.0000, 0.0000, 0.1762, 0.0623, 0.1268, 0.0645, 0.0623, 0.3158, 0.3695, 0.0000, 0.0000, 0.3652, 0.1031, 0.2922, 0.3631, 0.0709, 0.0494, 0.0000, 0.0000, 0.0537, 0.1848, 0.0902, 0.1010, 0.7305, 0.6982, 0.1461, 0.0000, 0.0000, 0.1182, 0.7412, 0.6875, 0.1525, 0.1246, 0.2191, 0.0000, 0.0000,","[-0.04262264148760973,-0.5189337985148453,0.19270684447959177,0.16828487008263365,-1.8205097687609473,0.7488012265258678]","[-0.042571088759966666,-0.5189486495337731,0.1927097506222927,0.1683517377748292,-1.8205402140743807,0.7488776896035381]"
"0.0000, 0.1031, 0.0881, 0.3695, 0.4146, 0.0752, 0.4082, 0.0000, 0.0000, 0.4920, 0.3910, 0.0988, 0.1010, 0.1547, 0.1590, 0.0000, 0.0000, 0.0000, 0.0924, 0.4125, 0.3803, 0.0687, 0.7176, 0.4146, 0.0000, 0.0000, 0.4447, 0.1633, 0.2385, 0.3266, 0.1611, 0.1031, 0.2170, 0.0000, 0.0000, 0.7326, 0.7133, 0.1354, 0.7326, 0.6961, 0.1525, 0.0000, 0.0000, 0.1289, 0.1117, 0.1568, 0.2793, 0.1418, 0.2213, 0.3115, 0.0000, 0.0000, 0.4254, 0.1160, 0.5092, 0.6682, 0.3115, 0.5672, 0.0000, 0.0000, 0.3480, 0.4254, 0.1547, 0.0967, 0.1891, 0.0902, 0.1031, 0.0000, 0.0000, 0.0859, 0.7348, 0.6939, 0.1611, 0.7391, 0.6918, 0.0000, 0.0000, 0.3137, 0.2084, 0.1633, 0.1848, 0.1117, 0.1010, 0.3523, 0.0000, 0.0000, 0.4941, 0.5070, 0.1289, 0.4834, 0.5070, 0.1268, 0.0000, 0.0000, 0.1611, 0.0623, 0.1225, 0.0687, 0.0580, 0.2643, 0.3352, 0.0000, 0.0000, 0.3244, 0.0623, 0.3072, 0.3137, 0.0473, 0.0580, 0.0000, 0.0000, 0.0666, 0.1740, 0.0881, 0.0967, 0.7283, 0.7133, 0.1418, 0.0000, 0.0000, 0.1225, 0.7348, 0.6789, 0.1504, 0.1203, 0.1461, 0.0000, 0.0000, 0.0000, 0.1010, 0.0859, 0.3695, 0.4082, 0.0730, 0.4039, 0.0000, 0.0000, 0.4898, 0.3975, 0.1031, 0.1010, 0.1547, 0.1590, 0.0000, 0.0000, 0.0000, 0.0945, 0.4061, 0.3781, 0.0709, 0.7090, 0.4082, 0.0000, 0.0000, 0.4297, 0.1633, 0.2363, 0.3244, 0.1590, 0.1031, 0.2191, 0.0000, 0.0000, 0.7305, 0.7176, 0.1418, 0.7305, 0.6875, 0.1439, 0.0000, 0.0000, 0.1246, 0.1096, 0.1525, 0.2750, 0.1439, 0.2213, 0.3115, 0.0000, 0.0000, 0.4318, 0.1160, 0.5070, 0.6725, 0.3137, 0.5822, 0.0000, 0.0000, 0.3480, 0.4254, 0.1568, 0.0967, 0.1869, 0.0881, 0.1010, 0.0000, 0.0000, 0.0859, 0.7369, 0.6896, 0.1611, 0.7348, 0.6961, 0.0000, 0.0000, 0.3201, 0.2084, 0.1590, 0.1848, 0.1096, 0.0988, 0.3459, 0.0000, 0.0000, 0.4941, 0.5049, 0.1311, 0.4855, 0.5113, 0.1246, 0.0000, 0.0000, 0.1611, 0.0623, 0.1225, 0.0687, 0.0623, 0.2471, 0.3309, 0.0000, 0.0000, 0.3330, 0.0623, 0.3008, 0.3008, 0.0516, 0.0602, 0.0000, 0.0000, 0.0645, 0.1740, 0.0859, 0.0967, 0.7240, 0.7111, 0.1375, 0.0000, 0.0000, 0.1203, 0.7391, 0.6789, 0.1525, 0.1203, 0.1482, 0.0000, 0.0000,","0.0000, 0.1053, 0.0881, 0.3652, 0.4061, 0.0730, 0.4039, 0.0000, 0.0000, 0.4963, 0.4125, 0.0988, 0.1053, 0.1590, 0.1633, 0.0000, 0.0000, 0.0000, 0.0924, 0.4104, 0.3824, 0.0687, 0.6596, 0.4061, 0.0000, 0.0000, 0.4104, 0.1633, 0.2406, 0.3244, 0.1633, 0.1031, 0.2148, 0.0000, 0.0000, 0.7240, 0.7090, 0.1289, 0.7391, 0.7025, 0.1525, 0.0000, 0.0000, 0.1268, 0.1117, 0.1568, 0.2814, 0.1396, 0.2170, 0.3072, 0.0000, 0.0000, 0.4211, 0.1182, 0.4941, 0.6768, 0.3029, 0.5521, 0.0000, 0.0000, 0.3502, 0.4168, 0.1547, 0.0945, 0.1848, 0.0859, 0.0988, 0.0000, 0.0000, 0.0859, 0.7369, 0.6918, 0.1611, 0.7305, 0.6725, 0.0000, 0.0000, 0.3029, 0.2170, 0.1568, 0.1762, 0.1074, 0.0988, 0.3480, 0.0000, 0.0000, 0.4791, 0.4920, 0.1246, 0.4770, 0.4963, 0.1160, 0.0000, 0.0000, 0.1590, 0.0602, 0.1182, 0.0666, 0.0602, 0.2600, 0.3287, 0.0000, 0.0000, 0.3029, 0.0623, 0.3051, 0.3029, 0.0494, 0.0559, 0.0000, 0.0000, 0.0645, 0.1719, 0.0881, 0.0988, 0.7305, 0.7068, 0.1311, 0.0000, 0.0000, 0.1203, 0.7369, 0.6918, 0.1611, 0.1246, 0.1482, 0.0000, 0.0000, 0.0000, 0.1031, 0.0881, 0.3695, 0.4039, 0.0752, 0.3953, 0.0000, 0.0000, 0.4898, 0.4125, 0.0988, 0.1031, 0.1590, 0.1633, 0.0000, 0.0000, 0.0000, 0.0924, 0.4082, 0.3781, 0.0709, 0.6402, 0.3975, 0.0000, 0.0000, 0.4061, 0.1633, 0.2385, 0.3244, 0.1611, 0.1031, 0.2191, 0.0000, 0.0000, 0.7305, 0.7090, 0.1332, 0.7326, 0.7047, 0.1525, 0.0000, 0.0000, 0.1268, 0.1117, 0.1590, 0.2922, 0.1482, 0.2213, 0.3115, 0.0000, 0.0000, 0.4254, 0.1182, 0.4984, 0.6811, 0.3072, 0.5607, 0.0000, 0.0000, 0.3502, 0.4211, 0.1568, 0.0945, 0.1848, 0.0881, 0.1010, 0.0000, 0.0000, 0.0838, 0.7326, 0.7068, 0.1568, 0.7369, 0.6854, 0.0000, 0.0000, 0.3137, 0.2234, 0.1611, 0.1848, 0.1096, 0.0988, 0.3502, 0.0000, 0.0000, 0.4748, 0.5049, 0.1268, 0.4791, 0.5027, 0.1203, 0.0000, 0.0000, 0.1633, 0.0602, 0.1225, 0.0687, 0.0623, 0.2664, 0.3480, 0.0000, 0.0000, 0.3180, 0.0580, 0.3287, 0.3158, 0.0516, 0.0602, 0.0000, 0.0000, 0.0645, 0.1719, 0.0881, 0.0988, 0.7305, 0.7133, 0.1396, 0.0000, 0.0000, 0.1203, 0.7326, 0.6875, 0.1590, 0.1246, 0.1525, 0.0000, 0.0000,","[-0.010003580961813946,-0.5000050497864041,0.20021525318686484,0.42491217486421873,-1.4725161887062244,0.6140044317806681]","[-0.009961871286278276,-0.5000069279825555,0.2002178160171677,0.42489436810140396,-1.472601627531019,0.6141603381081269]"
"0.0000, 0.1117, 0.0924, 0.3480, 0.3846, 0.0709, 0.4061, 0.0000, 0.0000, 0.5092, 0.4189, 0.0967, 0.1010, 0.1611, 0.1654, 0.0000, 0.0000, 0.0000, 0.0945, 0.3889, 0.3631, 0.0666, 0.7219, 0.3652, 0.0000, 0.0000, 0.3480, 0.1611, 0.2342, 0.3223, 0.1676, 0.1139, 0.2127, 0.0000, 0.0000, 0.7262, 0.7025, 0.1289, 0.7348, 0.6703, 0.1547, 0.0000, 0.0000, 0.1246, 0.1096, 0.1719, 0.2986, 0.1332, 0.2342, 0.3115, 0.0000, 0.0000, 0.4082, 0.1203, 0.5092, 0.6682, 0.3180, 0.5199, 0.0000, 0.0000, 0.3566, 0.4275, 0.1590, 0.1053, 0.1869, 0.0881, 0.1010, 0.0000, 0.0000, 0.0838, 0.7391, 0.6918, 0.1611, 0.7348, 0.6961, 0.0000, 0.0000, 0.3437, 0.2277, 0.1590, 0.1869, 0.1096, 0.0988, 0.3373, 0.0000, 0.0000, 0.4813, 0.4941, 0.1268, 0.4748, 0.5049, 0.1182, 0.0000, 0.0000, 0.1654, 0.0623, 0.1246, 0.0666, 0.0623, 0.2664, 0.3309, 0.0000, 0.0000, 0.3523, 0.0709, 0.3266, 0.3266, 0.0559, 0.0559, 0.0000, 0.0000, 0.0623, 0.1697, 0.0859, 0.1010, 0.7262, 0.7025, 0.1311, 0.0000, 0.0000, 0.1160, 0.7434, 0.6854, 0.1504, 0.1246, 0.1654, 0.0000, 0.0000, 0.0000, 0.1074, 0.0967, 0.3373, 0.3717, 0.0709, 0.4039, 0.0000, 0.0000, 0.5027, 0.4018, 0.0988, 0.1010, 0.1590, 0.1676, 0.0000, 0.0000, 0.0000, 0.0924, 0.3932, 0.3631, 0.0687, 0.7068, 0.3588, 0.0000, 0.0000, 0.3416, 0.1611, 0.2342, 0.3223, 0.1654, 0.1139, 0.2148, 0.0000, 0.0000, 0.7240, 0.6939, 0.1225, 0.7412, 0.6832, 0.1590, 0.0000, 0.0000, 0.1246, 0.1117, 0.1697, 0.2965, 0.1375, 0.2342, 0.3137, 0.0000, 0.0000, 0.4104, 0.1246, 0.5156, 0.6789, 0.3137, 0.5479, 0.0000, 0.0000, 0.3566, 0.4275, 0.1590, 0.1053, 0.1848, 0.0924, 0.1010, 0.0000, 0.0000, 0.0838, 0.7369, 0.7047, 0.1697, 0.7283, 0.6854, 0.0000, 0.0000, 0.3266, 0.2277, 0.1547, 0.1869, 0.1074, 0.0988, 0.3287, 0.0000, 0.0000, 0.4791, 0.4963, 0.1289, 0.4748, 0.5027, 0.1182, 0.0000, 0.0000, 0.1654, 0.0645, 0.1268, 0.0687, 0.0602, 0.2492, 0.3266, 0.0000, 0.0000, 0.3502, 0.0730, 0.3287, 0.3330, 0.0516, 0.0537, 0.0000, 0.0000, 0.0580, 0.1697, 0.0859, 0.0988, 0.7305, 0.7090, 0.1289, 0.0000, 0.0000, 0.1182, 0.7391, 0.6918, 0.1590, 0.1246, 0.1697, 0.0000, 0.0000,","0.0000, 0.1096, 0.0881, 0.3416, 0.3803, 0.0752, 0.3932, 0.0000, 0.0000, 0.5113, 0.4189, 0.1010, 0.1031, 0.1568, 0.1676, 0.0000, 0.0000, 0.0000, 0.0967, 0.3824, 0.3545, 0.0709, 0.6617, 0.4061, 0.0000, 0.0000, 0.3953, 0.1654, 0.2385, 0.3287, 0.1719, 0.1160, 0.2299, 0.0000, 0.0000, 0.7283, 0.7197, 0.1311, 0.7326, 0.6939, 0.1482, 0.0000, 0.0000, 0.1225, 0.1117, 0.1676, 0.3008, 0.1633, 0.2406, 0.3094, 0.0000, 0.0000, 0.4061, 0.1225, 0.4984, 0.6832, 0.3115, 0.5092, 0.0000, 0.0000, 0.3502, 0.4189, 0.1547, 0.1053, 0.1955, 0.0902, 0.1010, 0.0000, 0.0000, 0.0859, 0.7326, 0.6939, 0.1525, 0.7369, 0.6982, 0.0000, 0.0000, 0.3223, 0.2213, 0.1805, 0.1955, 0.1117, 0.1010, 0.3266, 0.0000, 0.0000, 0.4834, 0.5027, 0.1225, 0.4770, 0.5027, 0.1225, 0.0000, 0.0000, 0.1633, 0.0666, 0.1311, 0.0687, 0.0602, 0.2385, 0.3180, 0.0000, 0.0000, 0.3266, 0.0580, 0.3266, 0.3137, 0.0494, 0.0559, 0.0000, 0.0000, 0.0645, 0.1848, 0.0902, 0.0988, 0.7240, 0.7133, 0.1354, 0.0000, 0.0000, 0.1160, 0.7391, 0.6768, 0.1547, 0.1225, 0.1547, 0.0000, 0.0000, 0.0000, 0.1074, 0.0902, 0.3352, 0.3781, 0.0730, 0.3932, 0.0000, 0.0000, 0.5070, 0.4125, 0.0967, 0.1010, 0.1568, 0.1676, 0.0000, 0.0000, 0.0000, 0.0988, 0.3803, 0.3545, 0.0730, 0.6467, 0.4018, 0.0000, 0.0000, 0.3846, 0.1654, 0.2385, 0.3266, 0.1697, 0.1139, 0.2299, 0.0000, 0.0000, 0.7240, 0.7176, 0.1354, 0.7348, 0.6896, 0.1461, 0.0000, 0.0000, 0.1225, 0.1096, 0.1633, 0.3008, 0.1654, 0.2428, 0.3094, 0.0000, 0.0000, 0.4039, 0.1225, 0.4984, 0.6832, 0.3137, 0.5199, 0.0000, 0.0000, 0.3502, 0.4189, 0.1568, 0.1074, 0.1955, 0.0902, 0.1010, 0.0000, 0.0000, 0.0816, 0.7348, 0.6982, 0.1568, 0.7326, 0.6982, 0.0000, 0.0000, 0.3244, 0.2213, 0.1740, 0.1955, 0.1096, 0.0988, 0.3266, 0.0000, 0.0000, 0.4855, 0.5006, 0.1225, 0.4770, 0.5070, 0.1203, 0.0000, 0.0000, 0.1633, 0.0666, 0.1332, 0.0687, 0.0623, 0.2363, 0.3223, 0.0000, 0.0000, 0.3287, 0.0623, 0.3244, 0.3115, 0.0494, 0.0580, 0.0000, 0.0000, 0.0623, 0.1805, 0.0859, 0.0988, 0.7219, 0.7090, 0.1268, 0.0000, 0.0000, 0.1203, 0.7412, 0.6854, 0.1525, 0.1225, 0.1568, 0.0000, 0.0000,","[-0.018900809232574506,-0.48873272665754447,0.19640163528807036,-0.002584683663922062,-1.6257057803223,1.0408161581762556]","[-0.018893831194273486,-0.4887186976080861,0.19639024376542039,-0.0025577489030228617,-1.6256753640086192,1.040855384118276]"
"0.0000, 0.1010, 0.0902, 0.3545, 0.3953, 0.0709, 0.4082, 0.0000, 0.0000, 0.4834, 0.3480, 0.1074, 0.0988, 0.1461, 0.1547, 0.0000, 0.0000, 0.0000, 0.0945, 0.3803, 0.3566, 0.0709, 0.7068, 0.4275, 0.0000, 0.0000, 0.4834, 0.1633, 0.2363, 0.3158, 0.1568, 0.1031, 0.2234, 0.0000, 0.0000, 0.7240, 0.7068, 0.1311, 0.7391, 0.6961, 0.1504, 0.0000, 0.0000, 0.1289, 0.1117, 0.1461, 0.2686, 0.1525, 0.2363, 0.3201, 0.0000, 0.0000, 0.4018, 0.1225, 0.5221, 0.6811, 0.3244, 0.6080, 0.0000, 0.0000, 0.3760, 0.4447, 0.1568, 0.1031, 0.1912, 0.0859, 0.1031, 0.0000, 0.0000, 0.0795, 0.7369, 0.7068, 0.1676, 0.7326, 0.6854, 0.0000, 0.0000, 0.2900, 0.1977, 0.1676, 0.1891, 0.1074, 0.1010, 0.3352, 0.0000, 0.0000, 0.4963, 0.5092, 0.1332, 0.4855, 0.5006, 0.1246, 0.0000, 0.0000, 0.1547, 0.0645, 0.1246, 0.0666, 0.0580, 0.2213, 0.2922, 0.0000, 0.0000, 0.2986, 0.0623, 0.2814, 0.2621, 0.0516, 0.0580, 0.0000, 0.0000, 0.0645, 0.1783, 0.0881, 0.1010, 0.7305, 0.7111, 0.1354, 0.0000, 0.0000, 0.1225, 0.7391, 0.6896, 0.1611, 0.1246, 0.1354, 0.0000, 0.0000, 0.0000, 0.1010, 0.0902, 0.3523, 0.3932, 0.0687, 0.4125, 0.0000, 0.0000, 0.4748, 0.3437, 0.1096, 0.0988, 0.1482, 0.1547, 0.0000, 0.0000, 0.0000, 0.0967, 0.3781, 0.3523, 0.0687, 0.6918, 0.4189, 0.0000, 0.0000, 0.4662, 0.1633, 0.2342, 0.3158, 0.1547, 0.1031, 0.2299, 0.0000, 0.0000, 0.7283, 0.7090, 0.1332, 0.7369, 0.6982, 0.1482, 0.0000, 0.0000, 0.1268, 0.1096, 0.1418, 0.2621, 0.1568, 0.2363, 0.3201, 0.0000, 0.0000, 0.4018, 0.1203, 0.5242, 0.6789, 0.3266, 0.6445, 0.0000, 0.0000, 0.3717, 0.4426, 0.1568, 0.1053, 0.1912, 0.0902, 0.1031, 0.0000, 0.0000, 0.0752, 0.7326, 0.7025, 0.1633, 0.7348, 0.6832, 0.0000, 0.0000, 0.2879, 0.1977, 0.1611, 0.1912, 0.1096, 0.1031, 0.3330, 0.0000, 0.0000, 0.4963, 0.5135, 0.1332, 0.4834, 0.5006, 0.1311, 0.0000, 0.0000, 0.1568, 0.0666, 0.1246, 0.0666, 0.0623, 0.2234, 0.2943, 0.0000, 0.0000, 0.2965, 0.0580, 0.2857, 0.2643, 0.0537, 0.0580, 0.0000, 0.0000, 0.0666, 0.1805, 0.0881, 0.1031, 0.7305, 0.7154, 0.1354, 0.0000, 0.0000, 0.1225, 0.7326, 0.6854, 0.1590, 0.1246, 0.1396, 0.0000, 0.0000,","0.0000, 0.0988, 0.0881, 0.3760, 0.4211, 0.0623, 0.4189, 0.0000, 0.0000, 0.4426, 0.3330, 0.1139, 0.0967, 0.1418, 0.1568, 0.0000, 0.0000, 0.0000, 0.0967, 0.3932, 0.3609, 0.0666, 0.6596, 0.4297, 0.0000, 0.0000, 0.4941, 0.1676, 0.2385, 0.3180, 0.1590, 0.1031, 0.2213, 0.0000, 0.0000, 0.7305, 0.7111, 0.1418, 0.7326, 0.6982, 0.1482, 0.0000, 0.0000, 0.1289, 0.1117, 0.1461, 0.2707, 0.1482, 0.2320, 0.3223, 0.0000, 0.0000, 0.4104, 0.1203, 0.5156, 0.6811, 0.3266, 0.5930, 0.0000, 0.0000, 0.3717, 0.4404, 0.1547, 0.1053, 0.1891, 0.0881, 0.1053, 0.0000, 0.0000, 0.0752, 0.7305, 0.6982, 0.1654, 0.7369, 0.6875, 0.0000, 0.0000, 0.2943, 0.2020, 0.1654, 0.1869, 0.1096, 0.1031, 0.3459, 0.0000, 0.0000, 0.4984, 0.5113, 0.1354, 0.4898, 0.5006, 0.1332, 0.0000, 0.0000, 0.1590, 0.0645, 0.1203, 0.0666, 0.0602, 0.2256, 0.3029, 0.0000, 0.0000, 0.2750, 0.0623, 0.2664, 0.2600, 0.0473, 0.0559, 0.0000, 0.0000, 0.0645, 0.1762, 0.0881, 0.1031, 0.7305, 0.7176, 0.1461, 0.0000, 0.0000, 0.1375, 0.7326, 0.6832, 0.1590, 0.1246, 0.1375, 0.0000, 0.0000, 0.0000, 0.0988, 0.0902, 0.3781, 0.4232, 0.0666, 0.4168, 0.0000, 0.0000, 0.4404, 0.3330, 0.1182, 0.0988, 0.1418, 0.1568, 0.0000, 0.0000, 0.0000, 0.0967, 0.3932, 0.3652, 0.0666, 0.6381, 0.4297, 0.0000, 0.0000, 0.4662, 0.1654, 0.2385, 0.3180, 0.1568, 0.1031, 0.2213, 0.0000, 0.0000, 0.7305, 0.7154, 0.1504, 0.7283, 0.6918, 0.1439, 0.0000, 0.0000, 0.1268, 0.1117, 0.1439, 0.2664, 0.1504, 0.2320, 0.3223, 0.0000, 0.0000, 0.4125, 0.1203, 0.5199, 0.6811, 0.3287, 0.6166, 0.0000, 0.0000, 0.3695, 0.4404, 0.1547, 0.1031, 0.1891, 0.0924, 0.1053, 0.0000, 0.0000, 0.0752, 0.7326, 0.6961, 0.1633, 0.7391, 0.6918, 0.0000, 0.0000, 0.3008, 0.2041, 0.1611, 0.1891, 0.1117, 0.1031, 0.3395, 0.0000, 0.0000, 0.5027, 0.5135, 0.1354, 0.4898, 0.5006, 0.1375, 0.0000, 0.0000, 0.1590, 0.0645, 0.1203, 0.0666, 0.0580, 0.2277, 0.2986, 0.0000, 0.0000, 0.2814, 0.0623, 0.2707, 0.2664, 0.0516, 0.0580, 0.0000, 0.0000, 0.0645, 0.1740, 0.0859, 0.1031, 0.7283, 0.7133, 0.1461, 0.0000, 0.0000, 0.1396, 0.7348, 0.6811, 0.1525, 0.1203, 0.1396, 0.0000, 0.0000,","[-0.022878806225651402,-0.4821419353864084,0.187407154898421,0.16265175304494212,-2.0746647164240613,0.48910986238456017]","[-0.02285810956396417,-0.482147517487287,0.18745501902328301,0.16270004403707744,-2.0746364584862746,0.48921204615796005]"
"0.0000, 0.1031, 0.0881, 0.3480, 0.3846, 0.0795, 0.4232, 0.0000, 0.0000, 0.4770, 0.3652, 0.1053, 0.1010, 0.1525, 0.1568, 0.0000, 0.0000, 0.0000, 0.0881, 0.3738, 0.3523, 0.0795, 0.8186, 0.4598, 0.0000, 0.0000, 0.4662, 0.1654, 0.2342, 0.3137, 0.1547, 0.1053, 0.2191, 0.0000, 0.0000, 0.7283, 0.7068, 0.1203, 0.7391, 0.6982, 0.1482, 0.0000, 0.0000, 0.1289, 0.1096, 0.1504, 0.2621, 0.1418, 0.2256, 0.3094, 0.0000, 0.0000, 0.3975, 0.1268, 0.5113, 0.6510, 0.3094, 0.6188, 0.0000, 0.0000, 0.3502, 0.4254, 0.1525, 0.1010, 0.1826, 0.0902, 0.1031, 0.0000, 0.0000, 0.0988, 0.7391, 0.6961, 0.1719, 0.7326, 0.6811, 0.0000, 0.0000, 0.2900, 0.1977, 0.1547, 0.1805, 0.1053, 0.0967, 0.3266, 0.0000, 0.0000, 0.4598, 0.5092, 0.1375, 0.5049, 0.5371, 0.1225, 0.0000, 0.0000, 0.1504, 0.0645, 0.1246, 0.0709, 0.0602, 0.2256, 0.2900, 0.0000, 0.0000, 0.3244, 0.0687, 0.2857, 0.2664, 0.0559, 0.0602, 0.0000, 0.0000, 0.0687, 0.1740, 0.0881, 0.0988, 0.7326, 0.7111, 0.1268, 0.0000, 0.0000, 0.1246, 0.7348, 0.6896, 0.1568, 0.1225, 0.1439, 0.0000, 0.0000, 0.0000, 0.1010, 0.0859, 0.3502, 0.3867, 0.0795, 0.4189, 0.0000, 0.0000, 0.4770, 0.3545, 0.1074, 0.1031, 0.1525, 0.1568, 0.0000, 0.0000, 0.0000, 0.0902, 0.3803, 0.3545, 0.0816, 0.8207, 0.4533, 0.0000, 0.0000, 0.4490, 0.1633, 0.2320, 0.3137, 0.1547, 0.1031, 0.2191, 0.0000, 0.0000, 0.7305, 0.7111, 0.1203, 0.7369, 0.6961, 0.1461, 0.0000, 0.0000, 0.1268, 0.1096, 0.1461, 0.2621, 0.1482, 0.2256, 0.3094, 0.0000, 0.0000, 0.4018, 0.1268, 0.5135, 0.6488, 0.3115, 0.6424, 0.0000, 0.0000, 0.3502, 0.4254, 0.1525, 0.1031, 0.1826, 0.0902, 0.1010, 0.0000, 0.0000, 0.0988, 0.7348, 0.6939, 0.1676, 0.7348, 0.6854, 0.0000, 0.0000, 0.2900, 0.1955, 0.1482, 0.1805, 0.1053, 0.0945, 0.3244, 0.0000, 0.0000, 0.4512, 0.5070, 0.1396, 0.5027, 0.5371, 0.1289, 0.0000, 0.0000, 0.1525, 0.0666, 0.1268, 0.0730, 0.0623, 0.2256, 0.2965, 0.0000, 0.0000, 0.3373, 0.0709, 0.2900, 0.2750, 0.0451, 0.0580, 0.0000, 0.0000, 0.0666, 0.1740, 0.0881, 0.0967, 0.7305, 0.7154, 0.1289, 0.0000, 0.0000, 0.1246, 0.7305, 0.6832, 0.1568, 0.1225, 0.1461, 0.0000, 0.0000,","0.0000, 0.0773, 0.0365, 0.0709, 0.1096, 0.0494, 0.1031, 0.0000, 0.0000, 0.5006, 0.4512, 0.0580, 0.0945, 0.1611, 0.1096, 0.0000, 0.0000, 0.0000, 0.0687, 0.2621, 0.2557, 0.0730, 0.1332, 0.4770, 0.0000, 0.0000, 0.3781, 0.1633, 0.2299, 0.2557, 0.1482, 0.1096, 0.2084, 0.0000, 0.0000, 0.5650, 0.6059, 0.1332, 0.1375, 0.1096, 0.1160, 0.0000, 0.0000, 0.1053, 0.1010, 0.1311, 0.2750, 0.1418, 0.2234, 0.3094, 0.0000, 0.0000, 0.3352, 0.1439, 0.2793, 0.5006, 0.2986, 0.6359, 0.0000, 0.0000, 0.3502, 0.4211, 0.1504, 0.1010, 0.1676, 0.0859, 0.0945, 0.0000, 0.0000, 0.1332, 0.1525, 0.0752, 0.1354, 0.7412, 0.6939, 0.0000, 0.0000, 0.2342, 0.1848, 0.1031, 0.1611, 0.0988, 0.0881, 0.2600, 0.0000, 0.0000, 0.2471, 0.2063, 0.1053, 0.5307, 0.5736, 0.1160, 0.0000, 0.0000, 0.1354, 0.0623, 0.1332, 0.0816, 0.0645, 0.1611, 0.2686, 0.0000, 0.0000, 0.1311, 0.0537, 0.4877, 0.4705, 0.0430, 0.0645, 0.0000, 0.0000, 0.0773, 0.2814, 0.1461, 0.0666, 0.0752, 0.1547, 0.1311, 0.0000, 0.0000, 0.0902, 0.3932, 0.3566, 0.0537, 0.1289, 0.3287, 0.0000, 0.0000, 0.0000, 0.0773, 0.0451, 0.0709, 0.1031, 0.0451, 0.1031, 0.0000, 0.0000, 0.5049, 0.4512, 0.0580, 0.0924, 0.1611, 0.1074, 0.0000, 0.0000, 0.0000, 0.0687, 0.2578, 0.2535, 0.0730, 0.1332, 0.4791, 0.0000, 0.0000, 0.3674, 0.1633, 0.2299, 0.2557, 0.1461, 0.1096, 0.2127, 0.0000, 0.0000, 0.5715, 0.6166, 0.1332, 0.1375, 0.1139, 0.1160, 0.0000, 0.0000, 0.1074, 0.1010, 0.1268, 0.2686, 0.1439, 0.2234, 0.3094, 0.0000, 0.0000, 0.3373, 0.1439, 0.2793, 0.5006, 0.3008, 0.6381, 0.0000, 0.0000, 0.3459, 0.4189, 0.1504, 0.1010, 0.1676, 0.0838, 0.0924, 0.0000, 0.0000, 0.1311, 0.1504, 0.0795, 0.1332, 0.7348, 0.6982, 0.0000, 0.0000, 0.2385, 0.1848, 0.0967, 0.1590, 0.0967, 0.0838, 0.2578, 0.0000, 0.0000, 0.2471, 0.2063, 0.1053, 0.5285, 0.5801, 0.1096, 0.0000, 0.0000, 0.1311, 0.0602, 0.1311, 0.0773, 0.0623, 0.1525, 0.2643, 0.0000, 0.0000, 0.1311, 0.0473, 0.4684, 0.4598, 0.0344, 0.0645, 0.0000, 0.0000, 0.0773, 0.2750, 0.1439, 0.0602, 0.0752, 0.1504, 0.1268, 0.0000, 0.0000, 0.0902, 0.3932, 0.3566, 0.0516, 0.1289, 0.3287, 0.0000, 0.0000,","[-0.016609131152239477,-0.5114897821645806,0.2113408709016356,0.7845753256383563,-1.0043638432086655,0.5204626327770009]","[-0.016578311079329208,-0.5114908919294012,0.21134247733493491,0.7845695094124471,-1.0043718665081731,0.5205734822366608]"
"0.0000, 0.1031, 0.0902, 0.3932, 0.4254, 0.0902, 0.4125, 0.0000, 0.0000, 0.4984, 0.3395, 0.1096, 0.1031, 0.1547, 0.1611, 0.0000, 0.0000, 0.0000, 0.0902, 0.4318, 0.4039, 0.0816, 0.9324, 0.5457, 0.0000, 0.0000, 0.4727, 0.1633, 0.2299, 0.3094, 0.1568, 0.1031, 0.2170, 0.0000, 0.0000, 0.7305, 0.7068, 0.1311, 0.7369, 0.6939, 0.1504, 0.0000, 0.0000, 0.1289, 0.1096, 0.1525, 0.2750, 0.1461, 0.2277, 0.3094, 0.0000, 0.0000, 0.4404, 0.1289, 0.4877, 0.5393, 0.3072, 0.6316, 0.0000, 0.0000, 0.3502, 0.4211, 0.1547, 0.1031, 0.1869, 0.0902, 0.0988, 0.0000, 0.0000, 0.1074, 0.7369, 0.6918, 0.1654, 0.7348, 0.6854, 0.0000, 0.0000, 0.2986, 0.2041, 0.1654, 0.1805, 0.1053, 0.0967, 0.3609, 0.0000, 0.0000, 0.4297, 0.4211, 0.1461, 0.4920, 0.5221, 0.1268, 0.0000, 0.0000, 0.1547, 0.0645, 0.1289, 0.0730, 0.0623, 0.2729, 0.3416, 0.0000, 0.0000, 0.3588, 0.0773, 0.3072, 0.3072, 0.0537, 0.0602, 0.0000, 0.0000, 0.0687, 0.1740, 0.0902, 0.0988, 0.7305, 0.7133, 0.1375, 0.0000, 0.0000, 0.1246, 0.7326, 0.6832, 0.1525, 0.1246, 0.1461, 0.0000, 0.0000, 0.0000, 0.1031, 0.0902, 0.3889, 0.4189, 0.0902, 0.4104, 0.0000, 0.0000, 0.4877, 0.3459, 0.1096, 0.1031, 0.1547, 0.1611, 0.0000, 0.0000, 0.0000, 0.0902, 0.4211, 0.3910, 0.0816, 0.9217, 0.5242, 0.0000, 0.0000, 0.4533, 0.1633, 0.2299, 0.3094, 0.1568, 0.1031, 0.2191, 0.0000, 0.0000, 0.7326, 0.7154, 0.1354, 0.7326, 0.6896, 0.1439, 0.0000, 0.0000, 0.1268, 0.1117, 0.1482, 0.2707, 0.1461, 0.2277, 0.3094, 0.0000, 0.0000, 0.4254, 0.1289, 0.5070, 0.6080, 0.3094, 0.6553, 0.0000, 0.0000, 0.3459, 0.4211, 0.1525, 0.1031, 0.1848, 0.0902, 0.1010, 0.0000, 0.0000, 0.1074, 0.7369, 0.6832, 0.1611, 0.7369, 0.6939, 0.0000, 0.0000, 0.3072, 0.1998, 0.1590, 0.1805, 0.1053, 0.0945, 0.3502, 0.0000, 0.0000, 0.4361, 0.4684, 0.1354, 0.4984, 0.5199, 0.1289, 0.0000, 0.0000, 0.1547, 0.0623, 0.1268, 0.0709, 0.0602, 0.2643, 0.3352, 0.0000, 0.0000, 0.3631, 0.0795, 0.3008, 0.3072, 0.0537, 0.0580, 0.0000, 0.0000, 0.0666, 0.1740, 0.0902, 0.0967, 0.7262, 0.7090, 0.1311, 0.0000, 0.0000, 0.1268, 0.7369, 0.6596, 0.1525, 0.1225, 0.1461, 0.0000, 0.0000,","0.0000, 0.0795, 0.0430, 0.0666, 0.1074, 0.0516, 0.1074, 0.0000, 0.0000, 0.5156, 0.4684, 0.0580, 0.0967, 0.1654, 0.1139, 0.0000, 0.0000, 0.0000, 0.0666, 0.2342, 0.2363, 0.0730, 0.1332, 0.4662, 0.0000, 0.0000, 0.3953, 0.1611, 0.2256, 0.2471, 0.1482, 0.1074, 0.2041, 0.0000, 0.0000, 0.5049, 0.5457, 0.1354, 0.1354, 0.1053, 0.1096, 0.0000, 0.0000, 0.1053, 0.0967, 0.1246, 0.2750, 0.1375, 0.2234, 0.3137, 0.0000, 0.0000, 0.3158, 0.1439, 0.2857, 0.5049, 0.3029, 0.6209, 0.0000, 0.0000, 0.3545, 0.4232, 0.1525, 0.1031, 0.1568, 0.0816, 0.0881, 0.0000, 0.0000, 0.1289, 0.1439, 0.0838, 0.1268, 0.7326, 0.6896, 0.0000, 0.0000, 0.1998, 0.1719, 0.0816, 0.1289, 0.0881, 0.0730, 0.1998, 0.0000, 0.0000, 0.2471, 0.2084, 0.0945, 0.4598, 0.5070, 0.1031, 0.0000, 0.0000, 0.1117, 0.0602, 0.1182, 0.0730, 0.0559, 0.1246, 0.2385, 0.0000, 0.0000, 0.1289, 0.0387, 0.4984, 0.4898, 0.0344, 0.0645, 0.0000, 0.0000, 0.0773, 0.2836, 0.1461, 0.0623, 0.0838, 0.1482, 0.1354, 0.0000, 0.0000, 0.0902, 0.3867, 0.3480, 0.0516, 0.1311, 0.3352, 0.0000, 0.0000, 0.0000, 0.0773, 0.0387, 0.0645, 0.1031, 0.0559, 0.1074, 0.0000, 0.0000, 0.5221, 0.4684, 0.0559, 0.0945, 0.1654, 0.1139, 0.0000, 0.0000, 0.0000, 0.0687, 0.2299, 0.2342, 0.0752, 0.1354, 0.4684, 0.0000, 0.0000, 0.3889, 0.1611, 0.2256, 0.2492, 0.1482, 0.1074, 0.2041, 0.0000, 0.0000, 0.5135, 0.5457, 0.1354, 0.1354, 0.1096, 0.1096, 0.0000, 0.0000, 0.1074, 0.0988, 0.1225, 0.2707, 0.1418, 0.2213, 0.3137, 0.0000, 0.0000, 0.3137, 0.1439, 0.2857, 0.5049, 0.3029, 0.6445, 0.0000, 0.0000, 0.3523, 0.4254, 0.1504, 0.1010, 0.1547, 0.0795, 0.0881, 0.0000, 0.0000, 0.1268, 0.1439, 0.0816, 0.1246, 0.7305, 0.6854, 0.0000, 0.0000, 0.1955, 0.1719, 0.0773, 0.1225, 0.0859, 0.0709, 0.1934, 0.0000, 0.0000, 0.2471, 0.2105, 0.0945, 0.4533, 0.5135, 0.1053, 0.0000, 0.0000, 0.1117, 0.0623, 0.1182, 0.0752, 0.0559, 0.1268, 0.2428, 0.0000, 0.0000, 0.1311, 0.0430, 0.4963, 0.4941, 0.0408, 0.0666, 0.0000, 0.0000, 0.0773, 0.2793, 0.1439, 0.0623, 0.1010, 0.1590, 0.1311, 0.0000, 0.0000, 0.0924, 0.3996, 0.3717, 0.0537, 0.1311, 0.3330, 0.0000, 0.0000,","[-0.01178720161838424,-0.5286203978474576,0.21217207028323368,1.0100836564439046,-0.9039977702564562,0.6873282212770273]","[-0.011740229181741835,-0.5286334287134923,0.21222859216875303,1.009971809203507,-0.9040086269290319,0.6874648340492245]"
"0.0000, 0.1074, 0.0859, 0.3094, 0.3523, 0.0623, 0.4211, 0.0000, 0.0000, 0.5113, 0.3674, 0.1010, 0.1010, 0.1525, 0.1611, 0.0000, 0.0000, 0.0000, 0.0988, 0.3395, 0.3244, 0.0687, 0.7842, 0.4168, 0.0000, 0.0000, 0.4039, 0.1611, 0.2299, 0.3223, 0.1697, 0.1117, 0.2234, 0.0000, 0.0000, 0.7176, 0.7111, 0.1225, 0.7391, 0.6961, 0.1525, 0.0000, 0.0000, 0.1289, 0.1117, 0.1568, 0.2857, 0.1547, 0.2406, 0.3416, 0.0000, 0.0000, 0.3803, 0.1160, 0.5006, 0.6467, 0.3008, 0.6209, 0.0000, 0.0000, 0.3416, 0.4082, 0.1525, 0.0988, 0.1848, 0.0902, 0.0988, 0.0000, 0.0000, 0.0795, 0.7326, 0.6918, 0.1697, 0.7369, 0.6875, 0.0000, 0.0000, 0.2836, 0.2020, 0.1525, 0.1848, 0.1139, 0.0967, 0.2922, 0.0000, 0.0000, 0.4727, 0.4920, 0.1289, 0.4813, 0.5070, 0.1268, 0.0000, 0.0000, 0.1568, 0.0645, 0.1203, 0.0709, 0.0559, 0.2020, 0.2664, 0.0000, 0.0000, 0.3094, 0.0709, 0.2857, 0.2750, 0.0494, 0.0516, 0.0000, 0.0000, 0.0602, 0.1783, 0.0881, 0.0967, 0.7262, 0.7154, 0.1375, 0.0000, 0.0000, 0.1225, 0.7348, 0.6660, 0.1547, 0.1246, 0.1461, 0.0000, 0.0000, 0.0000, 0.1053, 0.0859, 0.2986, 0.3416, 0.0666, 0.4082, 0.0000, 0.0000, 0.5070, 0.3566, 0.1031, 0.0988, 0.1504, 0.1590, 0.0000, 0.0000, 0.0000, 0.0988, 0.3373, 0.3180, 0.0666, 0.7734, 0.3695, 0.0000, 0.0000, 0.3459, 0.1590, 0.2277, 0.3180, 0.1611, 0.1117, 0.2191, 0.0000, 0.0000, 0.7090, 0.7047, 0.1246, 0.7348, 0.6725, 0.1504, 0.0000, 0.0000, 0.1246, 0.1139, 0.1504, 0.2793, 0.1568, 0.2385, 0.3395, 0.0000, 0.0000, 0.3781, 0.1160, 0.5006, 0.6402, 0.3051, 0.6338, 0.0000, 0.0000, 0.3395, 0.4082, 0.1504, 0.0988, 0.1826, 0.0902, 0.0967, 0.0000, 0.0000, 0.0773, 0.7369, 0.6875, 0.1654, 0.7348, 0.6982, 0.0000, 0.0000, 0.2943, 0.2020, 0.1482, 0.1848, 0.1139, 0.0967, 0.2943, 0.0000, 0.0000, 0.4770, 0.4834, 0.1311, 0.4834, 0.5070, 0.1246, 0.0000, 0.0000, 0.1525, 0.0602, 0.1203, 0.0709, 0.0559, 0.1977, 0.2707, 0.0000, 0.0000, 0.3137, 0.0687, 0.2793, 0.2814, 0.0537, 0.0537, 0.0000, 0.0000, 0.0623, 0.1783, 0.0902, 0.0988, 0.7176, 0.7111, 0.1332, 0.0000, 0.0000, 0.1225, 0.7391, 0.6789, 0.1525, 0.1225, 0.1504, 0.0000, 0.0000,","0.0000, 0.1096, 0.0881, 0.3137, 0.3566, 0.0666, 0.4082, 0.0000, 0.0000, 0.5092, 0.3781, 0.1053, 0.0988, 0.1525, 0.1611, 0.0000, 0.0000, 0.0000, 0.1031, 0.3480, 0.3287, 0.0687, 0.7348, 0.3996, 0.0000, 0.0000, 0.3953, 0.1633, 0.2299, 0.3244, 0.1697, 0.1160, 0.2191, 0.0000, 0.0000, 0.7197, 0.7197, 0.1268, 0.7369, 0.6832, 0.1439, 0.0000, 0.0000, 0.1268, 0.1117, 0.1461, 0.2707, 0.1482, 0.2385, 0.3437, 0.0000, 0.0000, 0.3803, 0.1160, 0.5006, 0.6553, 0.3029, 0.6059, 0.0000, 0.0000, 0.3373, 0.4061, 0.1482, 0.0967, 0.1805, 0.0902, 0.0967, 0.0000, 0.0000, 0.0816, 0.7369, 0.6811, 0.1611, 0.7348, 0.6789, 0.0000, 0.0000, 0.2836, 0.1955, 0.1418, 0.1805, 0.1160, 0.0967, 0.3072, 0.0000, 0.0000, 0.4834, 0.4898, 0.1246, 0.4877, 0.5113, 0.1225, 0.0000, 0.0000, 0.1525, 0.0623, 0.1182, 0.0730, 0.0580, 0.1912, 0.2643, 0.0000, 0.0000, 0.2836, 0.0623, 0.2578, 0.2492, 0.0451, 0.0516, 0.0000, 0.0000, 0.0602, 0.1762, 0.0881, 0.0967, 0.7197, 0.7090, 0.1311, 0.0000, 0.0000, 0.1225, 0.7412, 0.6811, 0.1504, 0.1225, 0.1439, 0.0000, 0.0000, 0.0000, 0.1074, 0.0859, 0.3137, 0.3588, 0.0687, 0.4061, 0.0000, 0.0000, 0.5070, 0.3760, 0.1031, 0.1010, 0.1547, 0.1633, 0.0000, 0.0000, 0.0000, 0.1031, 0.3502, 0.3244, 0.0687, 0.7240, 0.3889, 0.0000, 0.0000, 0.3824, 0.1611, 0.2299, 0.3244, 0.1676, 0.1160, 0.2234, 0.0000, 0.0000, 0.7197, 0.7154, 0.1311, 0.7391, 0.6854, 0.1461, 0.0000, 0.0000, 0.1246, 0.1117, 0.1504, 0.2793, 0.1547, 0.2406, 0.3459, 0.0000, 0.0000, 0.3803, 0.1160, 0.5049, 0.6639, 0.3029, 0.6230, 0.0000, 0.0000, 0.3437, 0.4104, 0.1504, 0.0988, 0.1783, 0.0902, 0.0967, 0.0000, 0.0000, 0.0816, 0.7369, 0.6961, 0.1611, 0.7326, 0.6982, 0.0000, 0.0000, 0.2965, 0.2020, 0.1525, 0.1848, 0.1182, 0.0988, 0.3029, 0.0000, 0.0000, 0.4855, 0.4920, 0.1311, 0.4877, 0.5135, 0.1246, 0.0000, 0.0000, 0.1547, 0.0602, 0.1182, 0.0709, 0.0559, 0.2020, 0.2771, 0.0000, 0.0000, 0.3008, 0.0666, 0.2707, 0.2707, 0.0559, 0.0537, 0.0000, 0.0000, 0.0623, 0.1762, 0.0902, 0.0945, 0.7197, 0.7068, 0.1246, 0.0000, 0.0000, 0.1203, 0.7434, 0.6854, 0.1568, 0.1246, 0.1482, 0.0000, 0.0000,","[-0.03420026189155058,-0.49251911527845865,0.1947986018620261,-0.096003025327272,-1.6217883660112669,1.0804801537451822]","[-0.034194641435793205,-0.4925203894266284,0.19483161423436415,-0.0961731834190473,-1.621882756853237,1.0806111344090052]"
"0.0000, 0.1074, 0.0881, 0.3975, 0.4254, 0.0795, 0.4125, 0.0000, 0.0000, 0.5070, 0.3824, 0.1010, 0.1010, 0.1525, 0.1633, 0.0000, 0.0000, 0.0000, 0.1010, 0.4340, 0.3975, 0.0752, 0.7820, 0.4082, 0.0000, 0.0000, 0.3760, 0.1611, 0.2277, 0.3201, 0.1719, 0.1203, 0.2191, 0.0000, 0.0000, 0.7283, 0.7025, 0.1332, 0.7391, 0.6982, 0.1547, 0.0000, 0.0000, 0.1289, 0.1139, 0.1633, 0.2814, 0.1525, 0.2449, 0.3395, 0.0000, 0.0000, 0.4447, 0.1246, 0.5049, 0.6230, 0.3072, 0.5715, 0.0000, 0.0000, 0.3502, 0.4211, 0.1547, 0.0988, 0.1891, 0.0945, 0.1010, 0.0000, 0.0000, 0.0945, 0.7391, 0.6961, 0.1654, 0.7326, 0.6811, 0.0000, 0.0000, 0.3158, 0.2191, 0.1783, 0.1848, 0.1117, 0.0967, 0.3717, 0.0000, 0.0000, 0.4426, 0.4834, 0.1418, 0.4898, 0.5156, 0.1225, 0.0000, 0.0000, 0.1568, 0.0602, 0.1246, 0.0709, 0.0580, 0.2857, 0.3437, 0.0000, 0.0000, 0.3137, 0.0816, 0.2879, 0.2922, 0.0537, 0.0537, 0.0000, 0.0000, 0.0602, 0.1740, 0.0902, 0.1010, 0.7348, 0.7047, 0.1396, 0.0000, 0.0000, 0.1268, 0.7369, 0.6896, 0.1568, 0.1268, 0.1568, 0.0000, 0.0000, 0.0000, 0.1074, 0.0924, 0.4018, 0.4254, 0.0816, 0.4189, 0.0000, 0.0000, 0.4920, 0.3760, 0.1074, 0.1010, 0.1525, 0.1654, 0.0000, 0.0000, 0.0000, 0.1031, 0.4383, 0.3975, 0.0730, 0.7691, 0.3889, 0.0000, 0.0000, 0.3652, 0.1590, 0.2256, 0.3201, 0.1697, 0.1182, 0.2191, 0.0000, 0.0000, 0.7326, 0.7111, 0.1375, 0.7348, 0.6939, 0.1482, 0.0000, 0.0000, 0.1289, 0.1117, 0.1590, 0.2836, 0.1568, 0.2471, 0.3395, 0.0000, 0.0000, 0.4490, 0.1246, 0.5113, 0.6209, 0.3137, 0.5930, 0.0000, 0.0000, 0.3480, 0.4211, 0.1525, 0.0988, 0.1848, 0.0924, 0.1031, 0.0000, 0.0000, 0.0881, 0.7326, 0.6918, 0.1654, 0.7348, 0.6875, 0.0000, 0.0000, 0.3158, 0.2170, 0.1719, 0.1869, 0.1096, 0.0967, 0.3695, 0.0000, 0.0000, 0.4404, 0.4898, 0.1354, 0.4855, 0.5156, 0.1268, 0.0000, 0.0000, 0.1568, 0.0602, 0.1246, 0.0709, 0.0602, 0.2836, 0.3459, 0.0000, 0.0000, 0.3137, 0.0838, 0.2879, 0.2922, 0.0602, 0.0559, 0.0000, 0.0000, 0.0602, 0.1762, 0.0902, 0.0988, 0.7305, 0.7111, 0.1418, 0.0000, 0.0000, 0.1268, 0.7326, 0.6789, 0.1525, 0.1246, 0.1568, 0.0000, 0.0000,","0.0000, 0.0795, 0.0430, 0.0816, 0.1268, 0.0430, 0.0773, 0.0000, 0.0000, 0.4748, 0.4318, 0.0559, 0.0902, 0.1568, 0.1160, 0.0000, 0.0000, 0.0000, 0.0773, 0.2127, 0.2213, 0.0580, 0.2041, 0.4576, 0.0000, 0.0000, 0.2965, 0.1590, 0.2277, 0.3029, 0.1482, 0.1074, 0.2063, 0.0000, 0.0000, 0.4576, 0.5027, 0.1053, 0.2922, 0.3717, 0.1182, 0.0000, 0.0000, 0.1096, 0.0988, 0.1332, 0.2771, 0.1439, 0.2492, 0.3480, 0.0000, 0.0000, 0.3223, 0.1268, 0.3287, 0.5156, 0.3115, 0.5586, 0.0000, 0.0000, 0.3631, 0.4340, 0.1547, 0.1010, 0.1482, 0.0773, 0.0859, 0.0000, 0.0000, 0.0902, 0.0730, 0.2879, 0.1246, 0.7219, 0.6982, 0.0000, 0.0000, 0.1762, 0.1547, 0.0602, 0.1053, 0.0924, 0.0623, 0.1354, 0.0000, 0.0000, 0.3266, 0.2191, 0.0924, 0.2299, 0.3072, 0.1074, 0.0000, 0.0000, 0.1096, 0.0623, 0.1053, 0.0709, 0.0494, 0.0881, 0.2105, 0.0000, 0.0000, 0.0924, 0.0387, 0.3738, 0.3695, 0.0322, 0.0602, 0.0000, 0.0000, 0.0709, 0.1203, 0.0645, 0.0752, 0.1977, 0.2535, 0.0687, 0.0000, 0.0000, 0.0881, 0.6896, 0.7133, 0.0773, 0.0730, 0.0709, 0.0000, 0.0000, 0.0000, 0.0816, 0.0516, 0.0816, 0.1203, 0.0473, 0.0773, 0.0000, 0.0000, 0.4770, 0.4297, 0.0602, 0.0924, 0.1568, 0.1160, 0.0000, 0.0000, 0.0000, 0.0773, 0.2063, 0.2170, 0.0602, 0.2063, 0.4576, 0.0000, 0.0000, 0.2857, 0.1590, 0.2277, 0.3029, 0.1482, 0.1074, 0.2063, 0.0000, 0.0000, 0.4598, 0.5006, 0.1031, 0.2943, 0.3738, 0.1182, 0.0000, 0.0000, 0.1074, 0.0988, 0.1311, 0.2729, 0.1461, 0.2471, 0.3480, 0.0000, 0.0000, 0.3180, 0.1246, 0.3287, 0.5156, 0.3137, 0.5801, 0.0000, 0.0000, 0.3609, 0.4340, 0.1525, 0.0988, 0.1461, 0.0752, 0.0816, 0.0000, 0.0000, 0.0859, 0.0730, 0.2879, 0.1246, 0.7262, 0.6982, 0.0000, 0.0000, 0.1697, 0.1547, 0.0580, 0.1053, 0.0924, 0.0623, 0.1332, 0.0000, 0.0000, 0.3287, 0.2191, 0.0945, 0.2342, 0.3051, 0.1096, 0.0000, 0.0000, 0.1096, 0.0666, 0.1074, 0.0730, 0.0516, 0.0838, 0.2063, 0.0000, 0.0000, 0.0945, 0.0451, 0.3695, 0.3674, 0.0387, 0.0623, 0.0000, 0.0000, 0.0709, 0.1203, 0.0645, 0.0730, 0.1912, 0.2492, 0.0687, 0.0000, 0.0000, 0.0881, 0.6896, 0.7090, 0.0795, 0.0687, 0.0687, 0.0000, 0.0000,","[-0.007047653877348556,-0.5282226408978707,0.20616698083466212,1.1435030906383241,-1.0003470980545983,1.620019322168594]","[-0.007032908288804308,-0.5282260003722312,0.20613604714068037,1.1435784205087234,-1.0003426595814393,1.6199506332928033]"
"0.0000, 0.1117, 0.0945, 0.3459, 0.3867, 0.0730, 0.4189, 0.0000, 0.0000, 0.5328, 0.3953, 0.1031, 0.1053, 0.1654, 0.1697, 0.0000, 0.0000, 0.0000, 0.1031, 0.3867, 0.3588, 0.0730, 0.8164, 0.4061, 0.0000, 0.0000, 0.3545, 0.1633, 0.2320, 0.3309, 0.1826, 0.1203, 0.2148, 0.0000, 0.0000, 0.7283, 0.7176, 0.1354, 0.7348, 0.6811, 0.1461, 0.0000, 0.0000, 0.1246, 0.1117, 0.1633, 0.2900, 0.1396, 0.2492, 0.3395, 0.0000, 0.0000, 0.4125, 0.1268, 0.5135, 0.6059, 0.3180, 0.5736, 0.0000, 0.0000, 0.3545, 0.4318, 0.1654, 0.1074, 0.1848, 0.0924, 0.1010, 0.0000, 0.0000, 0.0881, 0.7412, 0.6854, 0.1633, 0.7348, 0.6982, 0.0000, 0.0000, 0.3287, 0.2148, 0.1633, 0.1891, 0.1160, 0.1010, 0.3373, 0.0000, 0.0000, 0.4770, 0.4748, 0.1354, 0.4855, 0.5092, 0.1246, 0.0000, 0.0000, 0.1611, 0.0645, 0.1289, 0.0730, 0.0602, 0.2535, 0.3266, 0.0000, 0.0000, 0.3803, 0.0816, 0.3266, 0.3180, 0.0494, 0.0537, 0.0000, 0.0000, 0.0623, 0.1697, 0.0881, 0.1010, 0.7262, 0.7111, 0.1375, 0.0000, 0.0000, 0.1182, 0.7391, 0.6746, 0.1482, 0.1225, 0.1568, 0.0000, 0.0000, 0.0000, 0.1117, 0.0924, 0.3502, 0.3867, 0.0773, 0.4211, 0.0000, 0.0000, 0.5307, 0.3910, 0.1053, 0.1053, 0.1676, 0.1697, 0.0000, 0.0000, 0.0000, 0.1010, 0.3846, 0.3523, 0.0752, 0.7992, 0.3889, 0.0000, 0.0000, 0.3459, 0.1611, 0.2299, 0.3309, 0.1805, 0.1182, 0.2127, 0.0000, 0.0000, 0.7262, 0.7154, 0.1311, 0.7369, 0.6832, 0.1439, 0.0000, 0.0000, 0.1246, 0.1096, 0.1633, 0.2900, 0.1439, 0.2492, 0.3395, 0.0000, 0.0000, 0.4082, 0.1289, 0.5092, 0.5973, 0.3180, 0.5951, 0.0000, 0.0000, 0.3566, 0.4318, 0.1654, 0.1074, 0.1826, 0.0924, 0.1053, 0.0000, 0.0000, 0.0902, 0.7412, 0.6854, 0.1654, 0.7326, 0.6939, 0.0000, 0.0000, 0.3287, 0.2148, 0.1590, 0.1869, 0.1139, 0.0988, 0.3373, 0.0000, 0.0000, 0.4705, 0.4641, 0.1375, 0.4834, 0.5135, 0.1246, 0.0000, 0.0000, 0.1611, 0.0645, 0.1289, 0.0730, 0.0623, 0.2557, 0.3373, 0.0000, 0.0000, 0.3889, 0.0816, 0.3244, 0.3287, 0.0494, 0.0559, 0.0000, 0.0000, 0.0623, 0.1697, 0.0902, 0.1010, 0.7240, 0.7090, 0.1332, 0.0000, 0.0000, 0.1203, 0.7412, 0.6789, 0.1525, 0.1246, 0.1611, 0.0000, 0.0000,","0.0000, 0.0795, 0.0408, 0.0859, 0.1354, 0.0430, 0.0795, 0.0000, 0.0000, 0.5199, 0.4727, 0.0580, 0.0945, 0.1697, 0.1117, 0.0000, 0.0000, 0.0000, 0.0687, 0.2986, 0.2707, 0.0580, 0.2363, 0.4426, 0.0000, 0.0000, 0.2406, 0.1590, 0.2299, 0.3137, 0.1525, 0.1117, 0.2063, 0.0000, 0.0000, 0.6768, 0.7176, 0.1160, 0.3459, 0.4254, 0.1160, 0.0000, 0.0000, 0.1053, 0.0988, 0.1396, 0.2814, 0.1375, 0.2492, 0.3395, 0.0000, 0.0000, 0.3803, 0.1246, 0.3523, 0.5113, 0.3094, 0.5822, 0.0000, 0.0000, 0.3566, 0.4340, 0.1633, 0.1074, 0.1740, 0.0902, 0.1010, 0.0000, 0.0000, 0.0967, 0.2428, 0.4211, 0.1354, 0.7369, 0.6939, 0.0000, 0.0000, 0.2943, 0.1998, 0.1461, 0.1848, 0.1139, 0.0988, 0.3029, 0.0000, 0.0000, 0.3395, 0.2943, 0.1182, 0.4898, 0.5113, 0.1225, 0.0000, 0.0000, 0.1568, 0.0666, 0.1375, 0.0816, 0.0687, 0.2170, 0.3115, 0.0000, 0.0000, 0.1439, 0.0580, 0.4254, 0.4061, 0.0473, 0.0623, 0.0000, 0.0000, 0.0709, 0.1225, 0.0666, 0.0730, 0.3266, 0.3416, 0.0709, 0.0000, 0.0000, 0.0838, 0.7047, 0.7219, 0.0838, 0.0687, 0.0602, 0.0000, 0.0000, 0.0000, 0.0773, 0.0301, 0.0816, 0.1268, 0.0365, 0.0795, 0.0000, 0.0000, 0.5199, 0.4641, 0.0516, 0.0924, 0.1697, 0.1096, 0.0000, 0.0000, 0.0000, 0.0709, 0.2900, 0.2643, 0.0559, 0.2385, 0.4426, 0.0000, 0.0000, 0.2234, 0.1590, 0.2299, 0.3158, 0.1525, 0.1117, 0.2063, 0.0000, 0.0000, 0.6811, 0.7176, 0.1203, 0.3674, 0.4297, 0.1160, 0.0000, 0.0000, 0.1074, 0.0988, 0.1375, 0.2750, 0.1396, 0.2471, 0.3373, 0.0000, 0.0000, 0.3781, 0.1289, 0.3502, 0.5135, 0.3115, 0.6016, 0.0000, 0.0000, 0.3566, 0.4340, 0.1611, 0.1053, 0.1740, 0.0902, 0.1010, 0.0000, 0.0000, 0.1010, 0.2492, 0.4189, 0.1332, 0.7369, 0.6939, 0.0000, 0.0000, 0.2922, 0.2020, 0.1418, 0.1848, 0.1139, 0.0988, 0.3029, 0.0000, 0.0000, 0.3352, 0.2965, 0.1182, 0.4877, 0.5113, 0.1225, 0.0000, 0.0000, 0.1568, 0.0645, 0.1354, 0.0795, 0.0645, 0.2191, 0.3180, 0.0000, 0.0000, 0.1439, 0.0516, 0.4297, 0.4018, 0.0408, 0.0623, 0.0000, 0.0000, 0.0709, 0.1225, 0.0645, 0.0752, 0.3266, 0.3395, 0.0730, 0.0000, 0.0000, 0.0838, 0.6982, 0.7197, 0.0859, 0.0709, 0.0623, 0.0000, 0.0000,","[0.013121263641136714,-0.5179808831909228,0.20095924817370875,1.6625580909018671,-0.5790366459469113,1.384485974001167]","[0.013125058934169036,-0.5179774843877119,0.20095343575250615,1.6625738890081154,-0.579092457491263,1.384473099522891]""0.0000, 0.1117, 0.0902, 0.3480, 0.3932, 0.0773, 0.3975, 0.0000, 0.0000, 0.5070, 0.4447, 0.0924, 0.1074, 0.1719, 0.1654, 0.0000, 0.0000, 0.0000, 0.0924, 0.4061, 0.3760, 0.0752, 0.6381, 0.3781, 0.0000, 0.0000, 0.3309, 0.1676, 0.2385, 0.3395, 0.1719, 0.1203, 0.2020, 0.0000, 0.0000, 0.7305, 0.7111, 0.1268, 0.7326, 0.7047, 0.1590, 0.0000, 0.0000, 0.1268, 0.1117, 0.1611, 0.2836, 0.1311, 0.2342, 0.3223, 0.0000, 0.0000, 0.4254, 0.1246, 0.5092, 0.6811, 0.3051, 0.5113, 0.0000, 0.0000, 0.3437, 0.4168, 0.1568, 0.1031, 0.1848, 0.0924, 0.0988, 0.0000, 0.0000, 0.0924, 0.7305, 0.7025, 0.1590, 0.7348, 0.6854, 0.0000, 0.0000, 0.3137, 0.2148, 0.1611, 0.1848, 0.1139, 0.0967, 0.3545, 0.0000, 0.0000, 0.4920, 0.5092, 0.1246, 0.4770, 0.5070, 0.1289, 0.0000, 0.0000, 0.1611, 0.0666, 0.1268, 0.0752, 0.0645, 0.2600, 0.3459, 0.0000, 0.0000, 0.3266, 0.0559, 0.3266, 0.3201, 0.0451, 0.0559, 0.0000, 0.0000, 0.0666, 0.1676, 0.0859, 0.0967, 0.7305, 0.7154, 0.1396, 0.0000, 0.0000, 0.1182, 0.7326, 0.6875, 0.1568, 0.1246, 0.1504, 0.0000, 0.0000, 0.0000, 0.1096, 0.0881, 0.3502, 0.3932, 0.0795, 0.3996, 0.0000, 0.0000, 0.5006, 0.4469, 0.0945, 0.1074, 0.1719, 0.1654, 0.0000, 0.0000, 0.0000, 0.0945, 0.4039, 0.3695, 0.0730, 0.6102, 0.3889, 0.0000, 0.0000, 0.3266, 0.1676, 0.2363, 0.3373, 0.1719, 0.1203, 0.2063, 0.0000, 0.0000, 0.7305, 0.7133, 0.1311, 0.7305, 0.7025, 0.1547, 0.0000, 0.0000, 0.1246, 0.1117, 0.1590, 0.2793, 0.1289, 0.2320, 0.3223, 0.0000, 0.0000, 0.4275, 0.1246, 0.5049, 0.6811, 0.3051, 0.5199, 0.0000, 0.0000, 0.3437, 0.4168, 0.1547, 0.1031, 0.1783, 0.0902, 0.0988, 0.0000, 0.0000, 0.0924, 0.7283, 0.6982, 0.1568, 0.7369, 0.6918, 0.0000, 0.0000, 0.3201, 0.2148, 0.1525, 0.1826, 0.1139, 0.0988, 0.3566, 0.0000, 0.0000, 0.4877, 0.5092, 0.1225, 0.4770, 0.5049, 0.1289, 0.0000, 0.0000, 0.1590, 0.0666, 0.1268, 0.0752, 0.0602, 0.2664, 0.3545, 0.0000, 0.0000, 0.3266, 0.0602, 0.3244, 0.3223, 0.0430, 0.0580, 0.0000, 0.0000, 0.0666, 0.1654, 0.0838, 0.0967, 0.7305, 0.7154, 0.1375, 0.0000, 0.0000, 0.1182, 0.7326, 0.6854, 0.1568, 0.1225, 0.1525, 0.0000, 0.0000,","0.0000, 0.1117, 0.0924, 0.3416, 0.3867, 0.0752, 0.4125, 0.0000, 0.0000, 0.5027, 0.4447, 0.0967, 0.1074, 0.1697, 0.1697, 0.0000, 0.0000, 0.0000, 0.0924, 0.3932, 0.3652, 0.0730, 0.7111, 0.3652, 0.0000, 0.0000, 0.3416, 0.1676, 0.2385, 0.3352, 0.1740, 0.1182, 0.2063, 0.0000, 0.0000, 0.7240, 0.7090, 0.1225, 0.7391, 0.6982, 0.1590, 0.0000, 0.0000, 0.1268, 0.1117, 0.1697, 0.2965, 0.1332, 0.2320, 0.3223, 0.0000, 0.0000, 0.4168, 0.1246, 0.5113, 0.6789, 0.3051, 0.5156, 0.0000, 0.0000, 0.3502, 0.4211, 0.1590, 0.1010, 0.1783, 0.0902, 0.0988, 0.0000, 0.0000, 0.0924, 0.7369, 0.7068, 0.1654, 0.7305, 0.6832, 0.0000, 0.0000, 0.3244, 0.2234, 0.1611, 0.1848, 0.1117, 0.0967, 0.3437, 0.0000, 0.0000, 0.4984, 0.5049, 0.1289, 0.4770, 0.5070, 0.1225, 0.0000, 0.0000, 0.1633, 0.0687, 0.1268, 0.0709, 0.0602, 0.2578, 0.3373, 0.0000, 0.0000, 0.3609, 0.0602, 0.3373, 0.3352, 0.0537, 0.0559, 0.0000, 0.0000, 0.0645, 0.1697, 0.0881, 0.0988, 0.7305, 0.7090, 0.1268, 0.0000, 0.0000, 0.1182, 0.7391, 0.6918, 0.1611, 0.1246, 0.1568, 0.0000, 0.0000, 0.0000, 0.1096, 0.0902, 0.3437, 0.3846, 0.0773, 0.4125, 0.0000, 0.0000, 0.5049, 0.4361, 0.0924, 0.1074, 0.1719, 0.1697, 0.0000, 0.0000, 0.0000, 0.0924, 0.3889, 0.3631, 0.0773, 0.6982, 0.3566, 0.0000, 0.0000, 0.3309, 0.1676, 0.2385, 0.3352, 0.1719, 0.1160, 0.2105, 0.0000, 0.0000, 0.7283, 0.7068, 0.1289, 0.7369, 0.7025, 0.1568, 0.0000, 0.0000, 0.1289, 0.1117, 0.1654, 0.2922, 0.1375, 0.2342, 0.3223, 0.0000, 0.0000, 0.4146, 0.1246, 0.5135, 0.6768, 0.3072, 0.5242, 0.0000, 0.0000, 0.3480, 0.4211, 0.1590, 0.1031, 0.1783, 0.0902, 0.0988, 0.0000, 0.0000, 0.0924, 0.7348, 0.7047, 0.1654, 0.7326, 0.6832, 0.0000, 0.0000, 0.3223, 0.2234, 0.1547, 0.1826, 0.1117, 0.0988, 0.3459, 0.0000, 0.0000, 0.4963, 0.5070, 0.1268, 0.4770, 0.5070, 0.1225, 0.0000, 0.0000, 0.1633, 0.0645, 0.1289, 0.0730, 0.0623, 0.2621, 0.3416, 0.0000, 0.0000, 0.3717, 0.0602, 0.3480, 0.3395, 0.0451, 0.0580, 0.0000, 0.0000, 0.0645, 0.1697, 0.0859, 0.0967, 0.7326, 0.7133, 0.1332, 0.0000, 0.0000, 0.1182, 0.7348, 0.6918, 0.1590, 0.1246, 0.1633, 0.0000, 0.0000,","[0.03021644238719534,-0.5341465110175089,0.18767853921720898,2.045893435275032,-0.4803252391392116,1.1417870194795705]","[0.03020781067921935,-0.5341508668655905,0.18767214596635234,2.0458995227055023,-0.48035333401679303,1.1418013076521893]"
"0.0000, 0.1031, 0.0881, 0.4469, 0.4662, 0.0924, 0.4039, 0.0000, 0.0000, 0.4963, 0.3566, 0.1074, 0.1031, 0.1525, 0.1590, 0.0000, 0.0000, 0.0000, 0.0902, 0.5135, 0.4834, 0.0795, 0.9045, 0.5027, 0.0000, 0.0000, 0.4146, 0.1633, 0.2277, 0.3244, 0.1633, 0.1096, 0.2127, 0.0000, 0.0000, 0.7262, 0.7090, 0.1482, 0.7391, 0.6854, 0.1482, 0.0000, 0.0000, 0.1289, 0.1117, 0.1461, 0.2621, 0.1396, 0.2277, 0.3137, 0.0000, 0.0000, 0.4941, 0.1289, 0.4898, 0.5672, 0.3094, 0.6145, 0.0000, 0.0000, 0.3395, 0.4125, 0.1525, 0.1010, 0.1955, 0.0924, 0.0988, 0.0000, 0.0000, 0.1010, 0.7434, 0.6939, 0.1633, 0.7262, 0.6875, 0.0000, 0.0000, 0.3158, 0.2063, 0.1848, 0.1848, 0.1096, 0.0924, 0.4275, 0.0000, 0.0000, 0.4318, 0.4469, 0.1525, 0.4984, 0.5328, 0.1225, 0.0000, 0.0000, 0.1547, 0.0645, 0.1268, 0.0709, 0.0580, 0.3201, 0.3695, 0.0000, 0.0000, 0.3115, 0.0881, 0.2621, 0.2578, 0.0516, 0.0580, 0.0000, 0.0000, 0.0666, 0.1762, 0.0902, 0.0967, 0.7348, 0.6918, 0.1418, 0.0000, 0.0000, 0.1289, 0.7391, 0.6875, 0.1611, 0.1246, 0.1418, 0.0000, 0.0000, 0.0000, 0.1031, 0.0859, 0.4426, 0.4598, 0.0902, 0.4104, 0.0000, 0.0000, 0.4791, 0.3652, 0.1074, 0.1010, 0.1525, 0.1611, 0.0000, 0.0000, 0.0000, 0.0902, 0.5156, 0.4770, 0.0816, 0.8809, 0.4813, 0.0000, 0.0000, 0.4018, 0.1611, 0.2256, 0.3244, 0.1611, 0.1074, 0.2148, 0.0000, 0.0000, 0.7283, 0.7004, 0.1482, 0.7391, 0.6939, 0.1482, 0.0000, 0.0000, 0.1289, 0.1139, 0.1461, 0.2621, 0.1461, 0.2277, 0.3137, 0.0000, 0.0000, 0.4941, 0.1311, 0.4877, 0.5844, 0.3051, 0.6316, 0.0000, 0.0000, 0.3373, 0.4125, 0.1525, 0.1010, 0.1912, 0.0924, 0.0967, 0.0000, 0.0000, 0.1010, 0.7412, 0.6961, 0.1654, 0.7283, 0.6832, 0.0000, 0.0000, 0.3094, 0.2063, 0.1762, 0.1848, 0.1096, 0.0945, 0.4254, 0.0000, 0.0000, 0.4340, 0.4512, 0.1482, 0.4963, 0.5264, 0.1268, 0.0000, 0.0000, 0.1547, 0.0623, 0.1289, 0.0730, 0.0602, 0.3223, 0.3760, 0.0000, 0.0000, 0.3158, 0.0838, 0.2643, 0.2643, 0.0473, 0.0580, 0.0000, 0.0000, 0.0687, 0.1762, 0.0902, 0.0902, 0.7369, 0.6982, 0.1418, 0.0000, 0.0000, 0.1311, 0.7369, 0.6918, 0.1590, 0.1268, 0.1439, 0.0000, 0.0000,","0.0000, 0.0730, 0.0365, 0.0752, 0.1117, 0.0430, 0.0967, 0.0000, 0.0000, 0.3867, 0.3373, 0.0537, 0.0881, 0.1547, 0.1096, 0.0000, 0.0000, 0.0000, 0.0666, 0.3803, 0.3480, 0.0666, 0.1482, 0.5049, 0.0000, 0.0000, 0.3008, 0.1633, 0.2320, 0.2965, 0.1461, 0.1117, 0.2041, 0.0000, 0.0000, 0.7197, 0.7090, 0.1332, 0.1074, 0.0967, 0.1311, 0.0000, 0.0000, 0.1074, 0.0967, 0.1225, 0.2600, 0.1332, 0.2256, 0.3137, 0.0000, 0.0000, 0.4189, 0.1289, 0.2879, 0.4877, 0.2986, 0.5844, 0.0000, 0.0000, 0.3373, 0.4146, 0.1504, 0.1010, 0.1762, 0.0902, 0.0988, 0.0000, 0.0000, 0.1311, 0.1268, 0.0881, 0.1525, 0.7412, 0.6875, 0.0000, 0.0000, 0.2750, 0.1934, 0.1461, 0.1805, 0.1139, 0.0967, 0.3437, 0.0000, 0.0000, 0.3029, 0.2299, 0.1268, 0.4941, 0.5135, 0.1289, 0.0000, 0.0000, 0.1525, 0.0666, 0.1482, 0.0902, 0.0709, 0.2879, 0.3996, 0.0000, 0.0000, 0.1268, 0.0623, 0.5350, 0.5285, 0.0494, 0.0687, 0.0000, 0.0000, 0.0838, 0.2299, 0.1182, 0.0494, 0.0859, 0.0666, 0.0795, 0.0000, 0.0000, 0.0709, 0.0537, 0.0473, 0.0408, 0.1031, 0.2686, 0.0000, 0.0000, 0.0000, 0.0730, 0.0344, 0.0666, 0.1031, 0.0387, 0.0945, 0.0000, 0.0000, 0.3910, 0.3352, 0.0516, 0.0881, 0.1568, 0.1096, 0.0000, 0.0000, 0.0000, 0.0666, 0.3803, 0.3480, 0.0645, 0.1504, 0.5049, 0.0000, 0.0000, 0.2857, 0.1633, 0.2320, 0.2986, 0.1439, 0.1117, 0.2041, 0.0000, 0.0000, 0.7219, 0.7111, 0.1332, 0.1074, 0.1010, 0.1311, 0.0000, 0.0000, 0.1096, 0.1010, 0.1203, 0.2578, 0.1354, 0.2256, 0.3137, 0.0000, 0.0000, 0.4232, 0.1311, 0.2879, 0.4898, 0.3008, 0.5951, 0.0000, 0.0000, 0.3373, 0.4125, 0.1482, 0.0988, 0.1762, 0.0902, 0.0967, 0.0000, 0.0000, 0.1289, 0.1246, 0.0881, 0.1547, 0.7434, 0.6875, 0.0000, 0.0000, 0.2729, 0.1934, 0.1418, 0.1805, 0.1139, 0.0924, 0.3416, 0.0000, 0.0000, 0.3051, 0.2299, 0.1289, 0.4920, 0.5135, 0.1289, 0.0000, 0.0000, 0.1525, 0.0687, 0.1482, 0.0881, 0.0687, 0.2922, 0.4061, 0.0000, 0.0000, 0.1289, 0.0645, 0.5264, 0.5264, 0.0494, 0.0730, 0.0000, 0.0000, 0.0838, 0.2277, 0.1182, 0.0494, 0.0924, 0.0687, 0.0795, 0.0000, 0.0000, 0.0709, 0.0559, 0.0580, 0.0451, 0.1053, 0.2707, 0.0000, 0.0000,","[0.012518623433156448,-0.54794013193039,0.20509431860038888,1.7358923687629064,-0.6707648176871518,1.662758234300891]","[0.012535018383924137,-0.5479109883234613,0.20509604026643555,1.7359628958873912,-0.6707213318940827,1.6627884673262427]"
"0.0000, 0.1096, 0.0924, 0.3115, 0.3609, 0.0773, 0.3781, 0.0000, 0.0000, 0.4834, 0.4490, 0.0902, 0.1074, 0.1719, 0.1547, 0.0000, 0.0000, 0.0000, 0.0924, 0.3674, 0.3437, 0.0752, 0.5650, 0.4061, 0.0000, 0.0000, 0.3352, 0.1697, 0.2363, 0.3459, 0.1568, 0.1139, 0.1998, 0.0000, 0.0000, 0.7240, 0.7154, 0.1246, 0.7283, 0.7047, 0.1461, 0.0000, 0.0000, 0.1203, 0.1074, 0.1246, 0.2406, 0.1268, 0.2256, 0.3395, 0.0000, 0.0000, 0.3953, 0.1289, 0.4834, 0.6682, 0.3072, 0.4791, 0.0000, 0.0000, 0.3459, 0.4275, 0.1504, 0.1010, 0.1676, 0.0881, 0.0988, 0.0000, 0.0000, 0.0988, 0.7262, 0.7025, 0.1482, 0.7391, 0.6961, 0.0000, 0.0000, 0.2771, 0.1826, 0.1439, 0.1783, 0.1203, 0.1010, 0.3287, 0.0000, 0.0000, 0.4877, 0.5135, 0.1225, 0.4684, 0.5049, 0.1311, 0.0000, 0.0000, 0.1525, 0.0709, 0.1246, 0.0838, 0.0645, 0.1977, 0.2986, 0.0000, 0.0000, 0.2557, 0.0494, 0.2514, 0.2406, 0.0344, 0.0623, 0.0000, 0.0000, 0.0752, 0.1590, 0.0881, 0.1010, 0.7133, 0.7133, 0.1268, 0.0000, 0.0000, 0.1225, 0.7369, 0.6789, 0.1568, 0.1203, 0.1182, 0.0000, 0.0000, 0.0000, 0.1074, 0.0881, 0.3115, 0.3588, 0.0816, 0.3824, 0.0000, 0.0000, 0.4770, 0.4512, 0.0924, 0.1074, 0.1719, 0.1547, 0.0000, 0.0000, 0.0000, 0.0924, 0.3652, 0.3437, 0.0730, 0.5521, 0.4104, 0.0000, 0.0000, 0.3266, 0.1697, 0.2363, 0.3437, 0.1568, 0.1139, 0.2041, 0.0000, 0.0000, 0.7219, 0.7197, 0.1246, 0.7283, 0.6961, 0.1396, 0.0000, 0.0000, 0.1203, 0.1096, 0.1246, 0.2406, 0.1289, 0.2256, 0.3373, 0.0000, 0.0000, 0.3953, 0.1289, 0.4813, 0.6682, 0.3094, 0.4941, 0.0000, 0.0000, 0.3459, 0.4254, 0.1482, 0.0988, 0.1697, 0.0924, 0.1010, 0.0000, 0.0000, 0.0967, 0.7305, 0.7047, 0.1525, 0.7348, 0.7004, 0.0000, 0.0000, 0.2836, 0.1848, 0.1396, 0.1762, 0.1203, 0.1010, 0.3266, 0.0000, 0.0000, 0.4834, 0.5113, 0.1268, 0.4662, 0.5070, 0.1311, 0.0000, 0.0000, 0.1525, 0.0666, 0.1246, 0.0795, 0.0623, 0.1955, 0.3008, 0.0000, 0.0000, 0.2535, 0.0559, 0.2471, 0.2406, 0.0387, 0.0623, 0.0000, 0.0000, 0.0752, 0.1568, 0.0859, 0.1010, 0.7068, 0.7133, 0.1203, 0.0000, 0.0000, 0.1225, 0.7391, 0.6832, 0.1590, 0.1246, 0.1246, 0.0000, 0.0000,","0.0000, 0.1074, 0.0881, 0.3287, 0.3781, 0.0795, 0.3846, 0.0000, 0.0000, 0.4834, 0.4512, 0.0924, 0.1074, 0.1740, 0.1568, 0.0000, 0.0000, 0.0000, 0.0924, 0.3803, 0.3609, 0.0730, 0.5887, 0.3975, 0.0000, 0.0000, 0.3330, 0.1697, 0.2385, 0.3459, 0.1590, 0.1160, 0.1998, 0.0000, 0.0000, 0.7262, 0.7197, 0.1311, 0.7262, 0.6982, 0.1418, 0.0000, 0.0000, 0.1203, 0.1074, 0.1246, 0.2385, 0.1246, 0.2256, 0.3373, 0.0000, 0.0000, 0.4082, 0.1246, 0.4855, 0.6682, 0.3094, 0.4770, 0.0000, 0.0000, 0.3416, 0.4232, 0.1482, 0.0988, 0.1676, 0.0881, 0.1010, 0.0000, 0.0000, 0.0988, 0.7305, 0.6811, 0.1525, 0.7369, 0.6854, 0.0000, 0.0000, 0.2750, 0.1805, 0.1396, 0.1740, 0.1160, 0.0988, 0.3437, 0.0000, 0.0000, 0.4963, 0.5092, 0.1225, 0.4598, 0.4920, 0.1311, 0.0000, 0.0000, 0.1504, 0.0687, 0.1203, 0.0795, 0.0580, 0.1891, 0.3029, 0.0000, 0.0000, 0.2299, 0.0430, 0.2385, 0.2191, 0.0365, 0.0623, 0.0000, 0.0000, 0.0773, 0.1590, 0.0859, 0.0988, 0.7197, 0.7133, 0.1268, 0.0000, 0.0000, 0.1182, 0.7391, 0.6811, 0.1568, 0.1225, 0.1203, 0.0000, 0.0000, 0.0000, 0.1096, 0.0902, 0.3287, 0.3781, 0.0773, 0.3889, 0.0000, 0.0000, 0.4748, 0.4490, 0.0924, 0.1074, 0.1719, 0.1547, 0.0000, 0.0000, 0.0000, 0.0924, 0.3846, 0.3609, 0.0752, 0.5779, 0.3910, 0.0000, 0.0000, 0.3244, 0.1697, 0.2363, 0.3437, 0.1547, 0.1139, 0.2020, 0.0000, 0.0000, 0.7240, 0.7176, 0.1289, 0.7326, 0.6961, 0.1439, 0.0000, 0.0000, 0.1203, 0.1096, 0.1246, 0.2406, 0.1289, 0.2256, 0.3373, 0.0000, 0.0000, 0.4104, 0.1268, 0.4941, 0.6789, 0.3094, 0.4834, 0.0000, 0.0000, 0.3480, 0.4275, 0.1504, 0.1010, 0.1697, 0.0902, 0.1010, 0.0000, 0.0000, 0.0967, 0.7326, 0.7025, 0.1482, 0.7326, 0.7004, 0.0000, 0.0000, 0.2879, 0.1848, 0.1439, 0.1762, 0.1203, 0.1010, 0.3416, 0.0000, 0.0000, 0.4963, 0.5156, 0.1268, 0.4684, 0.5070, 0.1311, 0.0000, 0.0000, 0.1525, 0.0687, 0.1246, 0.0816, 0.0645, 0.2063, 0.3115, 0.0000, 0.0000, 0.2557, 0.0537, 0.2385, 0.2385, 0.0387, 0.0645, 0.0000, 0.0000, 0.0752, 0.1547, 0.0859, 0.1010, 0.7219, 0.7090, 0.1225, 0.0000, 0.0000, 0.1225, 0.7412, 0.6854, 0.1568, 0.1246, 0.1246, 0.0000, 0.0000,","[-0.03774359379649513,-0.49943271786654825,0.18799562206540982,0.19188148505012018,-1.6684652627857504,1.2758646031251542]","[-0.03773238529122516,-0.4994361952908611,0.18801372046109718,0.19184435283511214,-1.6684696526607146,1.2759783421057078]"
"0.0000, 0.1117, 0.0945, 0.3545, 0.3975, 0.0730, 0.4125, 0.0000, 0.0000, 0.5221, 0.4318, 0.0967, 0.1074, 0.1697, 0.1611, 0.0000, 0.0000, 0.0000, 0.0988, 0.4018, 0.3717, 0.0752, 0.7068, 0.3803, 0.0000, 0.0000, 0.3480, 0.1676, 0.2363, 0.3437, 0.1719, 0.1182, 0.2127, 0.0000, 0.0000, 0.7305, 0.7154, 0.1332, 0.7326, 0.6961, 0.1547, 0.0000, 0.0000, 0.1268, 0.1096, 0.1461, 0.2664, 0.1439, 0.2471, 0.3416, 0.0000, 0.0000, 0.4168, 0.1311, 0.5350, 0.6703, 0.3244, 0.5156, 0.0000, 0.0000, 0.3631, 0.4469, 0.1633, 0.1096, 0.1848, 0.0924, 0.1053, 0.0000, 0.0000, 0.0859, 0.7305, 0.6939, 0.1633, 0.7369, 0.6896, 0.0000, 0.0000, 0.3008, 0.1998, 0.1654, 0.1869, 0.1160, 0.1031, 0.3566, 0.0000, 0.0000, 0.5027, 0.5156, 0.1268, 0.4855, 0.5135, 0.1311, 0.0000, 0.0000, 0.1590, 0.0687, 0.1268, 0.0752, 0.0623, 0.2428, 0.3266, 0.0000, 0.0000, 0.3137, 0.0602, 0.2793, 0.2793, 0.0451, 0.0623, 0.0000, 0.0000, 0.0709, 0.1719, 0.0859, 0.1031, 0.7305, 0.7154, 0.1418, 0.0000, 0.0000, 0.1203, 0.7326, 0.6811, 0.1525, 0.1203, 0.1375, 0.0000, 0.0000, 0.0000, 0.1096, 0.0924, 0.3566, 0.3953, 0.0752, 0.4104, 0.0000, 0.0000, 0.5199, 0.4318, 0.0988, 0.1074, 0.1697, 0.1633, 0.0000, 0.0000, 0.0000, 0.0988, 0.4018, 0.3717, 0.0773, 0.7004, 0.3717, 0.0000, 0.0000, 0.3352, 0.1676, 0.2363, 0.3416, 0.1697, 0.1160, 0.2127, 0.0000, 0.0000, 0.7305, 0.7176, 0.1375, 0.7305, 0.6918, 0.1504, 0.0000, 0.0000, 0.1246, 0.1096, 0.1439, 0.2643, 0.1439, 0.2449, 0.3416, 0.0000, 0.0000, 0.4168, 0.1311, 0.5328, 0.6682, 0.3266, 0.5414, 0.0000, 0.0000, 0.3631, 0.4469, 0.1633, 0.1096, 0.1826, 0.0924, 0.1074, 0.0000, 0.0000, 0.0902, 0.7348, 0.6896, 0.1611, 0.7369, 0.6939, 0.0000, 0.0000, 0.3094, 0.1998, 0.1611, 0.1869, 0.1160, 0.1010, 0.3566, 0.0000, 0.0000, 0.5027, 0.5135, 0.1289, 0.4877, 0.5156, 0.1289, 0.0000, 0.0000, 0.1590, 0.0687, 0.1268, 0.0773, 0.0666, 0.2406, 0.3287, 0.0000, 0.0000, 0.3158, 0.0602, 0.2771, 0.2707, 0.0473, 0.0602, 0.0000, 0.0000, 0.0687, 0.1697, 0.0881, 0.1031, 0.7262, 0.7111, 0.1396, 0.0000, 0.0000, 0.1203, 0.7369, 0.6746, 0.1525, 0.1203, 0.1396, 0.0000, 0.0000,","0.0000, 0.1117, 0.0945, 0.3416, 0.3867, 0.0730, 0.4104, 0.0000, 0.0000, 0.5178, 0.4426, 0.0967, 0.1096, 0.1719, 0.1590, 0.0000, 0.0000, 0.0000, 0.0967, 0.3975, 0.3652, 0.0709, 0.7004, 0.3717, 0.0000, 0.0000, 0.3395, 0.1697, 0.2385, 0.3459, 0.1697, 0.1182, 0.2084, 0.0000, 0.0000, 0.7283, 0.7176, 0.1375, 0.7348, 0.6854, 0.1525, 0.0000, 0.0000, 0.1268, 0.1117, 0.1396, 0.2578, 0.1375, 0.2428, 0.3416, 0.0000, 0.0000, 0.4104, 0.1268, 0.5264, 0.6725, 0.3266, 0.5092, 0.0000, 0.0000, 0.3652, 0.4469, 0.1611, 0.1074, 0.1783, 0.0924, 0.1053, 0.0000, 0.0000, 0.0881, 0.7391, 0.6939, 0.1633, 0.7326, 0.6961, 0.0000, 0.0000, 0.3029, 0.1955, 0.1611, 0.1869, 0.1182, 0.1031, 0.3502, 0.0000, 0.0000, 0.5113, 0.5092, 0.1289, 0.4855, 0.5156, 0.1289, 0.0000, 0.0000, 0.1590, 0.0709, 0.1268, 0.0773, 0.0645, 0.2256, 0.3115, 0.0000, 0.0000, 0.3051, 0.0580, 0.2643, 0.2471, 0.0430, 0.0602, 0.0000, 0.0000, 0.0709, 0.1633, 0.0881, 0.1053, 0.7240, 0.7068, 0.1311, 0.0000, 0.0000, 0.1182, 0.7412, 0.6832, 0.1525, 0.1225, 0.1311, 0.0000, 0.0000, 0.0000, 0.1096, 0.0945, 0.3437, 0.3867, 0.0730, 0.4061, 0.0000, 0.0000, 0.5178, 0.4340, 0.0945, 0.1074, 0.1719, 0.1611, 0.0000, 0.0000, 0.0000, 0.0967, 0.3932, 0.3631, 0.0709, 0.6939, 0.3631, 0.0000, 0.0000, 0.3287, 0.1676, 0.2363, 0.3437, 0.1676, 0.1160, 0.2127, 0.0000, 0.0000, 0.7219, 0.7111, 0.1311, 0.7412, 0.6961, 0.1525, 0.0000, 0.0000, 0.1268, 0.1096, 0.1375, 0.2578, 0.1439, 0.2428, 0.3416, 0.0000, 0.0000, 0.4082, 0.1289, 0.5264, 0.6811, 0.3223, 0.5264, 0.0000, 0.0000, 0.3652, 0.4469, 0.1611, 0.1074, 0.1783, 0.0902, 0.1053, 0.0000, 0.0000, 0.0859, 0.7412, 0.7047, 0.1633, 0.7283, 0.6918, 0.0000, 0.0000, 0.2965, 0.1955, 0.1568, 0.1848, 0.1160, 0.1031, 0.3459, 0.0000, 0.0000, 0.5113, 0.5113, 0.1332, 0.4855, 0.5156, 0.1268, 0.0000, 0.0000, 0.1568, 0.0687, 0.1268, 0.0752, 0.0623, 0.2170, 0.3115, 0.0000, 0.0000, 0.3029, 0.0537, 0.2621, 0.2428, 0.0494, 0.0623, 0.0000, 0.0000, 0.0709, 0.1676, 0.0859, 0.1031, 0.7262, 0.7025, 0.1311, 0.0000, 0.0000, 0.1203, 0.7412, 0.6896, 0.1611, 0.1203, 0.1354, 0.0000, 0.0000,","[-0.027911793925940336,-0.49510314465955796,0.18509771078665488,0.05438564780049971,-2.086068818654809,0.710369282966807]","[-0.027886869832136306,-0.49508170038011295,0.1850709412765521,0.05448104107805986,-2.086052389092612,0.7103576395517841]"
"0.0000, 0.1074, 0.0902, 0.3781, 0.3996, 0.0773, 0.4189, 0.0000, 0.0000, 0.5135, 0.3953, 0.0988, 0.1053, 0.1633, 0.1654, 0.0000, 0.0000, 0.0000, 0.0902, 0.4361, 0.4061, 0.0752, 0.8443, 0.3781, 0.0000, 0.0000, 0.3416, 0.1654, 0.2363, 0.3330, 0.1676, 0.1096, 0.2105, 0.0000, 0.0000, 0.7283, 0.6875, 0.1289, 0.7391, 0.6811, 0.1611, 0.0000, 0.0000, 0.1268, 0.1117, 0.1590, 0.2857, 0.1396, 0.2320, 0.3287, 0.0000, 0.0000, 0.4361, 0.1311, 0.5135, 0.6123, 0.3094, 0.5607, 0.0000, 0.0000, 0.3588, 0.4361, 0.1633, 0.1031, 0.1848, 0.0902, 0.1010, 0.0000, 0.0000, 0.0967, 0.7412, 0.6982, 0.1654, 0.7305, 0.6811, 0.0000, 0.0000, 0.3244, 0.2277, 0.1740, 0.1805, 0.1096, 0.0988, 0.3803, 0.0000, 0.0000, 0.4447, 0.4662, 0.1396, 0.4813, 0.5113, 0.1203, 0.0000, 0.0000, 0.1633, 0.0645, 0.1246, 0.0730, 0.0623, 0.2986, 0.3566, 0.0000, 0.0000, 0.3566, 0.0859, 0.3115, 0.3158, 0.0494, 0.0559, 0.0000, 0.0000, 0.0645, 0.1719, 0.0902, 0.1010, 0.7348, 0.7025, 0.1375, 0.0000, 0.0000, 0.1246, 0.7369, 0.6896, 0.1590, 0.1246, 0.1568, 0.0000, 0.0000, 0.0000, 0.1053, 0.0924, 0.3932, 0.4211, 0.0838, 0.4232, 0.0000, 0.0000, 0.5156, 0.3975, 0.1053, 0.1053, 0.1633, 0.1697, 0.0000, 0.0000, 0.0000, 0.0924, 0.4340, 0.4018, 0.0773, 0.8400, 0.4039, 0.0000, 0.0000, 0.3738, 0.1676, 0.2363, 0.3330, 0.1697, 0.1096, 0.2105, 0.0000, 0.0000, 0.7305, 0.6918, 0.1289, 0.7369, 0.6811, 0.1547, 0.0000, 0.0000, 0.1268, 0.1117, 0.1568, 0.2879, 0.1439, 0.2320, 0.3287, 0.0000, 0.0000, 0.4361, 0.1311, 0.5049, 0.5844, 0.3094, 0.5887, 0.0000, 0.0000, 0.3523, 0.4318, 0.1611, 0.1031, 0.1848, 0.0924, 0.1010, 0.0000, 0.0000, 0.0945, 0.7391, 0.6768, 0.1719, 0.7326, 0.6811, 0.0000, 0.0000, 0.3201, 0.2256, 0.1654, 0.1826, 0.1096, 0.0988, 0.3738, 0.0000, 0.0000, 0.4447, 0.4662, 0.1418, 0.4813, 0.5135, 0.1225, 0.0000, 0.0000, 0.1633, 0.0623, 0.1246, 0.0709, 0.0623, 0.2900, 0.3545, 0.0000, 0.0000, 0.3609, 0.0859, 0.3158, 0.3115, 0.0602, 0.0559, 0.0000, 0.0000, 0.0645, 0.1654, 0.0902, 0.0988, 0.7326, 0.7111, 0.1375, 0.0000, 0.0000, 0.1246, 0.7348, 0.6875, 0.1590, 0.1268, 0.1611, 0.0000, 0.0000,","0.0000, 0.0773, 0.0430, 0.0816, 0.1289, 0.0473, 0.1053, 0.0000, 0.0000, 0.5178, 0.4684, 0.0580, 0.0945, 0.1676, 0.1139, 0.0000, 0.0000, 0.0000, 0.0709, 0.2793, 0.2621, 0.0709, 0.1482, 0.5178, 0.0000, 0.0000, 0.2943, 0.1676, 0.2385, 0.2986, 0.1525, 0.1117, 0.2063, 0.0000, 0.0000, 0.6059, 0.6574, 0.1375, 0.1332, 0.1031, 0.1160, 0.0000, 0.0000, 0.1074, 0.0967, 0.1289, 0.2879, 0.1439, 0.2320, 0.3309, 0.0000, 0.0000, 0.3545, 0.1461, 0.2900, 0.5221, 0.3051, 0.5736, 0.0000, 0.0000, 0.3566, 0.4297, 0.1590, 0.1031, 0.1697, 0.0859, 0.0945, 0.0000, 0.0000, 0.1375, 0.1504, 0.0816, 0.1354, 0.7348, 0.6875, 0.0000, 0.0000, 0.2428, 0.1934, 0.1182, 0.1719, 0.1053, 0.0945, 0.2750, 0.0000, 0.0000, 0.2492, 0.2084, 0.1117, 0.4941, 0.5199, 0.1139, 0.0000, 0.0000, 0.1461, 0.0623, 0.1439, 0.0859, 0.0709, 0.2084, 0.3008, 0.0000, 0.0000, 0.1311, 0.0537, 0.5006, 0.4813, 0.0451, 0.0645, 0.0000, 0.0000, 0.0773, 0.2814, 0.1547, 0.0687, 0.0795, 0.1611, 0.1311, 0.0000, 0.0000, 0.0902, 0.3223, 0.2814, 0.0516, 0.1311, 0.3373, 0.0000, 0.0000, 0.0000, 0.0795, 0.0387, 0.0838, 0.1246, 0.0473, 0.1053, 0.0000, 0.0000, 0.5178, 0.4684, 0.0559, 0.0945, 0.1654, 0.1117, 0.0000, 0.0000, 0.0000, 0.0687, 0.2793, 0.2621, 0.0709, 0.1504, 0.5178, 0.0000, 0.0000, 0.2857, 0.1676, 0.2385, 0.3008, 0.1504, 0.1096, 0.2041, 0.0000, 0.0000, 0.6145, 0.6660, 0.1354, 0.1354, 0.1096, 0.1182, 0.0000, 0.0000, 0.1053, 0.0967, 0.1268, 0.2836, 0.1461, 0.2299, 0.3287, 0.0000, 0.0000, 0.3566, 0.1482, 0.2922, 0.5221, 0.3051, 0.5951, 0.0000, 0.0000, 0.3545, 0.4297, 0.1568, 0.1031, 0.1654, 0.0859, 0.0967, 0.0000, 0.0000, 0.1354, 0.1482, 0.0816, 0.1311, 0.7391, 0.6811, 0.0000, 0.0000, 0.2105, 0.1869, 0.0902, 0.1482, 0.0945, 0.0795, 0.2578, 0.0000, 0.0000, 0.2406, 0.2084, 0.1010, 0.4641, 0.5135, 0.1074, 0.0000, 0.0000, 0.1225, 0.0580, 0.1246, 0.0773, 0.0580, 0.1676, 0.2814, 0.0000, 0.0000, 0.1289, 0.0494, 0.4662, 0.4641, 0.0387, 0.0623, 0.0000, 0.0000, 0.0752, 0.2857, 0.1525, 0.0645, 0.0902, 0.1654, 0.1311, 0.0000, 0.0000, 0.0945, 0.3416, 0.3072, 0.0559, 0.1332, 0.3373, 0.0000, 0.0000,","[-0.026207204200598418,-0.5155167683528239,0.2115645879306549,0.715253044804614,-1.1674746072555575,0.659522376187698]","[-0.026208834060296546,-0.5155238507827957,0.21156931228753909,0.7152093722930718,-1.167500084868976,0.6595606388930776]"
